[Licensing::Module] Trying to connect to existing licensing client channel...
Built from '6000.2/respin/6000.2.7f1-2eb0c79396db' branch; Version is '6000.2.7f2 (2b518236b676) revision 2838914'; Using compiler version '194234433'; Build Type 'Release'
[Licensing::IpcConnector] Successfully connected to: "LicenseClient-paulorh" at "2025-10-10T03:27:01.5392585Z"
OS: 'Windows 11  (10.0.26100) 64bit Professional' Language: 'pt' Physical Memory: 31879 MB
BatchMode: 1, IsHumanControllingUs: 0, StartBugReporterOnCrash: 0, Is64bit: 1
Date: 2025-10-10T03:27:01Z

COMMAND LINE ARGUMENTS:
C:\Program Files\Unity\Hub\Editor\6000.2.7f2\Editor\Unity.exe
-adb2
-batchMode
-noUpm
-name
AssetImportWorker33
-projectPath
C:/unity/projects/AirSoftGame
-logFile
Logs/AssetImportWorker33.log
-srvPort
54381
-job-worker-count
11
-background-job-worker-count
8
-gc-helper-count
1
-name
AssetImport
Successfully changed project path to: C:/unity/projects/AirSoftGame
C:/unity/projects/AirSoftGame
[UnityMemory] Configuration Parameters - Can be set up in boot.config
    "memorysetup-allocator-temp-initial-block-size-main=262144"
    "memorysetup-allocator-temp-initial-block-size-worker=262144"
    "memorysetup-bucket-allocator-granularity=16"
    "memorysetup-bucket-allocator-bucket-count=8"
    "memorysetup-bucket-allocator-block-size=33554432"
    "memorysetup-bucket-allocator-block-count=8"
    "memorysetup-main-allocator-block-size=16777216"
    "memorysetup-thread-allocator-block-size=16777216"
    "memorysetup-gfx-main-allocator-block-size=16777216"
    "memorysetup-gfx-thread-allocator-block-size=16777216"
    "memorysetup-cache-allocator-block-size=4194304"
    "memorysetup-typetree-allocator-block-size=2097152"
    "memorysetup-profiler-bucket-allocator-granularity=16"
    "memorysetup-profiler-bucket-allocator-bucket-count=8"
    "memorysetup-profiler-bucket-allocator-block-size=33554432"
    "memorysetup-profiler-bucket-allocator-block-count=8"
    "memorysetup-profiler-allocator-block-size=16777216"
    "memorysetup-profiler-editor-allocator-block-size=1048576"
    "memorysetup-temp-allocator-size-main=16777216"
    "memorysetup-job-temp-allocator-block-size=2097152"
    "memorysetup-job-temp-allocator-block-size-background=1048576"
    "memorysetup-job-temp-allocator-reduction-small-platforms=262144"
    "memorysetup-temp-allocator-size-background-worker=32768"
    "memorysetup-temp-allocator-size-job-worker=262144"
    "memorysetup-temp-allocator-size-preload-manager=33554432"
    "memorysetup-temp-allocator-size-nav-mesh-worker=65536"
    "memorysetup-temp-allocator-size-audio-worker=65536"
    "memorysetup-temp-allocator-size-cloud-worker=32768"
    "memorysetup-temp-allocator-size-gi-baking-worker=262144"
    "memorysetup-temp-allocator-size-gi-baking-worker=262144"
    "memorysetup-temp-allocator-size-gi-baking-worker=262144"
    "memorysetup-temp-allocator-size-gi-baking-worker=262144"
    "memorysetup-temp-allocator-size-gi-baking-worker=262144"
    "memorysetup-temp-allocator-size-gfx=262144"
Player connection [31504]  Target information:

Player connection [31504]  * "[IP] 192.168.0.4 [Port] 0 [Flags] 2 [Guid] 2160097664 [EditorId] 2160097664 [Version] 1048832 [Id] WindowsEditor(7,paulo-pc) [Debug] 1 [PackageName] WindowsEditor [ProjectName] Editor" 

Player connection [31504]  * "[IP] 172.20.0.1 [Port] 0 [Flags] 2 [Guid] 2160097664 [EditorId] 2160097664 [Version] 1048832 [Id] WindowsEditor(7,paulo-pc) [Debug] 1 [PackageName] WindowsEditor [ProjectName] Editor" 

Player connection [31504] Host joined multi-casting on [225.0.0.222:54997]...
Player connection [31504] Host joined alternative multi-casting on [225.0.0.222:34997]...
JobSystem: Creating JobQueue using job-worker-count value 11
Input System module state changed to: Initialized.
[Physics::Module] Initialized fallback backend.
[Physics::Module] Id: 0xdecafbad
[Licensing::Client] Code 10 while verifying Licensing Client signature (process Id: 28916, path: "C:/Program Files/Unity Hub/UnityLicensingClient_V1/Unity.Licensing.Client.exe")
[Licensing::Module] LicensingClient has failed validation; ignoring
[Licensing::Client] Handshaking with LicensingClient:
  Version:                 1.17.3+a4e98f1
  Session Id:              9d41f25099184f4581a984b9179b0bd0
  Correlation Id:          0982295f0b1aa75365c508c1cf125ab9
  External correlation Id: 829468460819369808
  Machine Id:              6sp8raTFMxvUwLzOQlZIojDac2U=
[Licensing::Module] Successfully connected to LicensingClient on channel: "LicenseClient-paulorh" (connect: 0.00s, validation: 0.00s, handshake: 0.03s)
[Licensing::IpcConnector] Successfully connected to: "LicenseClient-paulorh-notifications" at "2025-10-10T03:27:01.5737296Z"
[Licensing::Module] Licensing Background thread has ended after 0.03s
Library Redirect Path: Library/
[Physics::Module] Selected backend.
[Physics::Module] Name: PhysX
[Physics::Module] Id: 0xf2b8ea05
[Physics::Module] SDK Version: 4.1.2
[Physics::Module] Integration Version: 1.0.0
[Physics::Module] Threading Mode: Multi-Threaded
Refreshing native plugins compatible for Editor in 6.76 ms, found 4 plugins.
Preloading 0 native plugins for Editor in 0.00 ms.
Initialize engine version: 6000.2.7f2 (2b518236b676)
[Subsystems] Discovering subsystems at path C:/Program Files/Unity/Hub/Editor/6000.2.7f2/Editor/Data/Resources/UnitySubsystems
[Subsystems] Discovering subsystems at path C:/unity/projects/AirSoftGame/Assets
GfxDevice: creating device client; kGfxThreadingModeNonThreaded
Direct3D:
    Version:  Direct3D 11.0 [level 11.1]
    Renderer: NVIDIA GeForce RTX 5060 Ti (ID=0x2d04)
    Vendor:   NVIDIA
    VRAM:     15962 MB
    Driver:   32.0.15.8129
Initialize mono
Mono path[0] = 'C:/Program Files/Unity/Hub/Editor/6000.2.7f2/Editor/Data/Managed'
Mono path[1] = 'C:/Program Files/Unity/Hub/Editor/6000.2.7f2/Editor/Data/MonoBleedingEdge/lib/mono/unityjit-win32'
Mono config path = 'C:/Program Files/Unity/Hub/Editor/6000.2.7f2/Editor/Data/MonoBleedingEdge/etc'
Using monoOptions --debugger-agent=transport=dt_socket,embedding=1,server=y,suspend=n,address=127.0.0.1:56824
Begin MonoManager ReloadAssembly
Registering precompiled unity dll's ...
Register platform support module: C:/Program Files/Unity/Hub/Editor/6000.2.7f2/Editor/Data/PlaybackEngines/WebGLSupport/UnityEditor.WebGL.Extensions.dll
Register platform support module: C:/Program Files/Unity/Hub/Editor/6000.2.7f2/Editor/Data/PlaybackEngines/WindowsStandaloneSupport/UnityEditor.WindowsStandalone.Extensions.dll
[Licensing::Client] Successfully resolved entitlement details
[Licensing::Module] License group:
  Id: 4673188508070-UnityPersXXXX
  Product: Unity Personal
  Type: Assigned
  Expiration: Unlimited
Register platform support module: C:/Program Files/Unity/Hub/Editor/6000.2.7f2/Editor/Data/PlaybackEngines/MetroSupport/UnityEditor.UWP.Extensions.dll
Register platform support module: C:/Program Files/Unity/Hub/Editor/6000.2.7f2/Editor/Data/PlaybackEngines/LinuxStandaloneSupport/UnityEditor.LinuxStandalone.Extensions.dll
Registered in 0.003107 seconds.
- Loaded All Assemblies, in  0.322 seconds
Native extension for LinuxStandalone target not found
Native extension for UWP target not found
Native extension for WindowsStandalone target not found
Native extension for WebGL target not found
Mono: successfully reloaded assembly
- Finished resetting the current domain, in  0.267 seconds
Domain Reload Profiling: 587ms
	BeginReloadAssembly (103ms)
		ExecutionOrderSort (0ms)
		DisableScriptedObjects (0ms)
		BackupInstance (0ms)
		ReleaseScriptingObjects (0ms)
		CreateAndSetChildDomain (1ms)
	RebuildCommonClasses (26ms)
	RebuildNativeTypeToScriptingClass (11ms)
	initialDomainReloadingComplete (40ms)
	LoadAllAssembliesAndSetupDomain (139ms)
		LoadAssemblies (101ms)
		RebuildTransferFunctionScriptingTraits (0ms)
		AnalyzeDomain (136ms)
			TypeCache.Refresh (134ms)
				TypeCache.ScanAssembly (123ms)
			BuildScriptInfoCaches (0ms)
			ResolveRequiredComponents (0ms)
	FinalizeReload (267ms)
		ReleaseScriptCaches (0ms)
		RebuildScriptCaches (0ms)
		SetupLoadedEditorAssemblies (234ms)
			LogAssemblyErrors (0ms)
			InitializePlatformSupportModulesInManaged (42ms)
			SetLoadedEditorAssemblies (4ms)
			BeforeProcessingInitializeOnLoad (48ms)
			ProcessInitializeOnLoadAttributes (103ms)
			ProcessInitializeOnLoadMethodAttributes (37ms)
			AfterProcessingInitializeOnLoad (0ms)
			EditorAssembliesLoaded (0ms)
		ExecutionOrderSort2 (0ms)
		AwakeInstancesAfterBackupRestoration (0ms)
Assembly reference Packages/com.unity.cinemachine/Editor/Samples/ExposeHDRPInternals/HDRP-Editor-ref.asmref has no target assembly definition
========================================================================
Worker process is ready to serve import requests
Import Worker Mode flag is 0x00
Assembly reference Packages/com.unity.cinemachine/Editor/Samples/ExposeHDRPInternals/HDRP-Editor-ref.asmref has no target assembly definition
Assembly reference Packages/com.unity.cinemachine/Editor/Samples/ExposeHDRPInternals/HDRP-Editor-ref.asmref has no target assembly definition
Begin MonoManager ReloadAssembly
[Licensing::Client] Successfully resolved entitlement details
- Loaded All Assemblies, in  0.709 seconds
Assembly reference Packages/com.unity.cinemachine/Editor/Samples/ExposeHDRPInternals/HDRP-Editor-ref.asmref has no target assembly definition
'Packages/com.unity.cinemachine/Editor/Obsolete/CinemachineVirtualCameraBaseEditor.cs' contains partial class of Unity.Object, exactly 1 of the partial classes needs to be in a file with the same filename. This is to know the one that can be referenced from ie. GameObjects
'Packages/com.unity.cinemachine/Editor/Editors/CinemachineVirtualCameraBaseEditor.cs' contains partial class of Unity.Object, exactly 1 of the partial classes needs to be in a file with the same filename. This is to know the one that can be referenced from ie. GameObjects
Refreshing native plugins compatible for Editor in 0.87 ms, found 4 plugins.
Native extension for LinuxStandalone target not found
Native extension for UWP target not found
Native extension for WindowsStandalone target not found
Native extension for WebGL target not found
Assembly reference Packages/com.unity.cinemachine/Editor/Samples/ExposeHDRPInternals/HDRP-Editor-ref.asmref has no target assembly definition
[MODES] ModeService[none].Initialize
[MODES] ModeService[none].LoadModes
[MODES] Loading mode Default (0) for mode-current-id-AirSoftGame
Package Manager log level set to [2]
[Package Manager] Failed to launch server process. Reason: Unity was launched with the -noUpm command-line argument
[Package Manager] Unable to send message (not connected to server process).
[Package Manager] Cannot connect to Unity Package Manager local server
[Package Manager] Failed to launch server process. Reason: Unity was launched with the -noUpm command-line argument
[Package Manager] Unable to send message (not connected to server process).
[Package Manager] Cannot connect to Unity Package Manager local server
Mono: successfully reloaded assembly
- Finished resetting the current domain, in  0.856 seconds
Domain Reload Profiling: 1557ms
	BeginReloadAssembly (158ms)
		ExecutionOrderSort (0ms)
		DisableScriptedObjects (5ms)
		BackupInstance (0ms)
		ReleaseScriptingObjects (0ms)
		CreateAndSetChildDomain (36ms)
	RebuildCommonClasses (30ms)
	RebuildNativeTypeToScriptingClass (10ms)
	initialDomainReloadingComplete (34ms)
	LoadAllAssembliesAndSetupDomain (469ms)
		LoadAssemblies (359ms)
		RebuildTransferFunctionScriptingTraits (0ms)
		AnalyzeDomain (189ms)
			TypeCache.Refresh (134ms)
				TypeCache.ScanAssembly (122ms)
			BuildScriptInfoCaches (43ms)
			ResolveRequiredComponents (8ms)
	FinalizeReload (856ms)
		ReleaseScriptCaches (0ms)
		RebuildScriptCaches (0ms)
		SetupLoadedEditorAssemblies (708ms)
			LogAssemblyErrors (0ms)
			InitializePlatformSupportModulesInManaged (2ms)
			SetLoadedEditorAssemblies (5ms)
			BeforeProcessingInitializeOnLoad (142ms)
			ProcessInitializeOnLoadAttributes (520ms)
			ProcessInitializeOnLoadMethodAttributes (32ms)
			AfterProcessingInitializeOnLoad (5ms)
			EditorAssembliesLoaded (0ms)
		ExecutionOrderSort2 (0ms)
		AwakeInstancesAfterBackupRestoration (4ms)
WARNING: Shader Unsupported: 'Hidden/Builtin_TerrainVisualization' - All subshaders removed
WARNING: Shader Did you use #pragma only_renderers and omit this platform?
WARNING: Shader If subshaders removal was intentional, you may have forgotten turning Fallback off?
WARNING: Shader Unsupported: 'Hidden/Builtin_TerrainVisualization' - All subshaders removed
WARNING: Shader Did you use #pragma only_renderers and omit this platform?
WARNING: Shader If subshaders removal was intentional, you may have forgotten turning Fallback off?
Launched and connected shader compiler UnityShaderCompiler.exe after 0.01 seconds
Refreshing native plugins compatible for Editor in 1.10 ms, found 4 plugins.
Preloading 0 native plugins for Editor in 0.00 ms.
Unloading 29 Unused Serialized files (Serialized files now loaded: 0)
Unloading 7488 unused Assets / (6.6 MB). Loaded Objects now: 8254.
Memory consumption went from 150.7 MB to 144.1 MB.
Total: 7.006400 ms (FindLiveObjects: 0.731700 ms CreateObjectMapping: 0.244600 ms MarkObjects: 4.010400 ms  DeleteObjects: 2.019100 ms)

========================================================================
Received Import Request.
  Time since last request: 22560.512391 seconds.
  path: Assets/models/rifle 1/Materials
  artifactKey: Guid(016193c85cf002945a77f7646f1bbe27) Importer(2089858483,192608db42251d675da83286b1cce702)
Start importing Assets/models/rifle 1/Materials using Guid(016193c85cf002945a77f7646f1bbe27) Importer(2089858483,192608db42251d675da83286b1cce702) (ScriptedImporter) -> (artifact id: '65bff489ab06980951972322e03d0f1b') in 0.1307135 seconds
Number of updated asset objects reloaded before import = 0Number of asset objects unloaded after import = 1

========================================================================
Received Import Request.
  Time since last request: 0.000020 seconds.
  path: Assets/models/Materials 1/Eye_BaseColor.mat
  artifactKey: Guid(2e0862eec1af141499c7ac5e40a2f420) Importer(2089858483,192608db42251d675da83286b1cce702)
Start importing Assets/models/Materials 1/Eye_BaseColor.mat using Guid(2e0862eec1af141499c7ac5e40a2f420) Importer(2089858483,192608db42251d675da83286b1cce702) (ScriptedImporter) -> (artifact id: 'c9b7b341c55e8262d2d8945e50421168') in 0.058895 seconds
Number of updated asset objects reloaded before import = 0Number of asset objects unloaded after import = 12

========================================================================
Received Import Request.
  Time since last request: 0.000029 seconds.
  path: Assets/models/Materials 1/M_Quantum_Arms.mat
  artifactKey: Guid(fefbfff21b73c20469c185ba9060fe03) Importer(2089858483,192608db42251d675da83286b1cce702)
Start importing Assets/models/Materials 1/M_Quantum_Arms.mat using Guid(fefbfff21b73c20469c185ba9060fe03) Importer(2089858483,192608db42251d675da83286b1cce702) (ScriptedImporter) -> (artifact id: 'aed455ec0db9dab0dbb145b7f3881ae0') in 0.0096286 seconds
Number of updated asset objects reloaded before import = 0Number of asset objects unloaded after import = 9

========================================================================
Received Import Request.
  Time since last request: 158.766192 seconds.
  path: Assets/models/Swat/Swat@Rifle Aiming Idle.fbm/Soldier_head_specular.png
  artifactKey: Guid(87bbbc18518918640a8b3dcca516bd84) Importer(2089858483,192608db42251d675da83286b1cce702)
Start importing Assets/models/Swat/Swat@Rifle Aiming Idle.fbm/Soldier_head_specular.png using Guid(87bbbc18518918640a8b3dcca516bd84) Importer(2089858483,192608db42251d675da83286b1cce702) (ScriptedImporter)[Licensing::Client] Successfully resolved entitlement details
 -> (artifact id: '00000000000000000000000000000000') in 0.0435936 seconds
Import Error Code:(4)
Message: Build asset version error: assets/models/swat/swat@rifle aiming idle.fbm/soldier_head_specular.png in SourceAssetDB has modification time of '2025-10-10T03:29:58.3418011Z' while content on disk has modification time of '2025-10-10T03:29:58.8616457Z'
  ERROR: Build asset version error: assets/models/swat/swat@rifle aiming idle.fbm/soldier_head_specular.png in SourceAssetDB has modification time of '2025-10-10T03:29:58.3418011Z' while content on disk has modification time of '2025-10-10T03:29:58.8616457Z'
Number of updated asset objects reloaded before import = 0Number of asset objects unloaded after import = 0

========================================================================
Received Import Request.
  Time since last request: 0.000016 seconds.
  path: Assets/models/Swat/Swat@Rifle Aiming Idle.fbm/Soldier_Body_normal.png
  artifactKey: Guid(9da53fb7d5521cf4dbddabe9252d260f) Importer(2089858483,192608db42251d675da83286b1cce702)
Start importing Assets/models/Swat/Swat@Rifle Aiming Idle.fbm/Soldier_Body_normal.png using Guid(9da53fb7d5521cf4dbddabe9252d260f) Importer(2089858483,192608db42251d675da83286b1cce702) (ScriptedImporter) -> (artifact id: '00000000000000000000000000000000') in 0.0094858 seconds
Import Error Code:(4)
Message: Build asset version error: assets/models/swat/swat@rifle aiming idle.fbm/soldier_body_normal.png in SourceAssetDB has modification time of '2025-10-10T03:29:58.6098344Z' while content on disk has modification time of '2025-10-10T03:29:58.8626487Z'
  ERROR: Build asset version error: assets/models/swat/swat@rifle aiming idle.fbm/soldier_body_normal.png in SourceAssetDB has modification time of '2025-10-10T03:29:58.6098344Z' while content on disk has modification time of '2025-10-10T03:29:58.8626487Z'
Number of updated asset objects reloaded before import = 0Number of asset objects unloaded after import = 0

========================================================================
Received Import Request.
  Time since last request: 0.000014 seconds.
  path: Assets/models/Swat/Swat@Rifle Aiming Idle.fbm/Soldier_Body_specular.png
  artifactKey: Guid(d7c37d25d3522ae4388060cc448cff26) Importer(2089858483,192608db42251d675da83286b1cce702)
Start importing Assets/models/Swat/Swat@Rifle Aiming Idle.fbm/Soldier_Body_specular.png using Guid(d7c37d25d3522ae4388060cc448cff26) Importer(2089858483,192608db42251d675da83286b1cce702) (ScriptedImporter) -> (artifact id: '00000000000000000000000000000000') in 0.0093037 seconds
Import Error Code:(4)
Message: Build asset version error: assets/models/swat/swat@rifle aiming idle.fbm/soldier_body_specular.png in SourceAssetDB has modification time of '2025-10-10T03:29:58.341289Z' while content on disk has modification time of '2025-10-10T03:29:58.8616457Z'
  ERROR: Build asset version error: assets/models/swat/swat@rifle aiming idle.fbm/soldier_body_specular.png in SourceAssetDB has modification time of '2025-10-10T03:29:58.341289Z' while content on disk has modification time of '2025-10-10T03:29:58.8616457Z'
Number of updated asset objects reloaded before import = 0Number of asset objects unloaded after import = 0

========================================================================
Received Import Request.
  Time since last request: 0.000026 seconds.
  path: Assets/models/Swat/Swat@Rifle Aiming Idle.fbm/Soldier_Body_diffuse.png
  artifactKey: Guid(d94b28c323e2f094a89663c8b28ce9d2) Importer(2089858483,192608db42251d675da83286b1cce702)
Start importing Assets/models/Swat/Swat@Rifle Aiming Idle.fbm/Soldier_Body_diffuse.png using Guid(d94b28c323e2f094a89663c8b28ce9d2) Importer(2089858483,192608db42251d675da83286b1cce702) (ScriptedImporter) -> (artifact id: '00000000000000000000000000000000') in 0.0090593 seconds
Import Error Code:(4)
Message: Build asset version error: assets/models/swat/swat@rifle aiming idle.fbm/soldier_body_diffuse.png in SourceAssetDB has modification time of '2025-10-10T03:29:58.4566425Z' while content on disk has modification time of '2025-10-10T03:29:58.8596448Z'
  ERROR: Build asset version error: assets/models/swat/swat@rifle aiming idle.fbm/soldier_body_diffuse.png in SourceAssetDB has modification time of '2025-10-10T03:29:58.4566425Z' while content on disk has modification time of '2025-10-10T03:29:58.8596448Z'
Number of updated asset objects reloaded before import = 0Number of asset objects unloaded after import = 0

========================================================================
Received Import Request.
  Time since last request: 0.000015 seconds.
  path: Assets/models/Swat/Swat@Rifle Aiming Idle.fbm/Soldier_head_diffuse.png
  artifactKey: Guid(25cdebc21b2300240b1fbd3494d07830) Importer(2089858483,192608db42251d675da83286b1cce702)
Start importing Assets/models/Swat/Swat@Rifle Aiming Idle.fbm/Soldier_head_diffuse.png using Guid(25cdebc21b2300240b1fbd3494d07830) Importer(2089858483,192608db42251d675da83286b1cce702) (ScriptedImporter) -> (artifact id: '00000000000000000000000000000000') in 0.0123302 seconds
Import Error Code:(4)
Message: Build asset version error: assets/models/swat/swat@rifle aiming idle.fbm/soldier_head_diffuse.png in SourceAssetDB has modification time of '2025-10-10T03:29:58.4581459Z' while content on disk has modification time of '2025-10-10T03:29:58.8606462Z'
  ERROR: Build asset version error: assets/models/swat/swat@rifle aiming idle.fbm/soldier_head_diffuse.png in SourceAssetDB has modification time of '2025-10-10T03:29:58.4581459Z' while content on disk has modification time of '2025-10-10T03:29:58.8606462Z'
Number of updated asset objects reloaded before import = 0Number of asset objects unloaded after import = 0

========================================================================
Received Import Request.
  Time since last request: 2.996612 seconds.
  path: Assets/models/Swat/Swat@Rifle Aiming Idle.fbm/Soldier_Body_normal.png
  artifactKey: Guid(9da53fb7d5521cf4dbddabe9252d260f) Importer(2089858483,192608db42251d675da83286b1cce702)
Start importing Assets/models/Swat/Swat@Rifle Aiming Idle.fbm/Soldier_Body_normal.png using Guid(9da53fb7d5521cf4dbddabe9252d260f) Importer(2089858483,192608db42251d675da83286b1cce702) (ScriptedImporter) -> (artifact id: '55f8197df873a0a5c7aebe933b993b07') in 0.0139977 seconds
Number of updated asset objects reloaded before import = 0Number of asset objects unloaded after import = 1

========================================================================
Received Import Request.
  Time since last request: 2.734122 seconds.
  path: Assets/models/Swat/Swat@Rifle Aiming Idle.fbm/Soldier_Body_specular.png
  artifactKey: Guid(d7c37d25d3522ae4388060cc448cff26) Importer(815301076,1909f56bfc062723c751e8b465ee728b)
Start importing Assets/models/Swat/Swat@Rifle Aiming Idle.fbm/Soldier_Body_specular.png using Guid(d7c37d25d3522ae4388060cc448cff26) Importer(815301076,1909f56bfc062723c751e8b465ee728b) (PreviewImporter) -> (artifact id: '00000000000000000000000000000000') in 0.0310422 seconds
Import Error Code:(4)
Message: Build asset version error: assets/models/swat/swat@rifle aiming idle.fbm/soldier_body_specular.png in SourceAssetDB has modification time of '2025-10-10T03:29:58.341289Z' while content on disk has modification time of '2025-10-10T03:29:58.8616457Z'
  ERROR: Build asset version error: assets/models/swat/swat@rifle aiming idle.fbm/soldier_body_specular.png in SourceAssetDB has modification time of '2025-10-10T03:29:58.341289Z' while content on disk has modification time of '2025-10-10T03:29:58.8616457Z'
Number of updated asset objects reloaded before import = 0Number of asset objects unloaded after import = 0

========================================================================
Received Import Request.
  Time since last request: 0.000016 seconds.
  path: Assets/models/Swat/Swat@Rifle Aiming Idle.fbm/Soldier_Body_diffuse.png
  artifactKey: Guid(d94b28c323e2f094a89663c8b28ce9d2) Importer(815301076,1909f56bfc062723c751e8b465ee728b)
Start importing Assets/models/Swat/Swat@Rifle Aiming Idle.fbm/Soldier_Body_diffuse.png using Guid(d94b28c323e2f094a89663c8b28ce9d2) Importer(815301076,1909f56bfc062723c751e8b465ee728b) (PreviewImporter) -> (artifact id: '00000000000000000000000000000000') in 0.0051586 seconds
Import Error Code:(4)
Message: Build asset version error: assets/models/swat/swat@rifle aiming idle.fbm/soldier_body_diffuse.png in SourceAssetDB has modification time of '2025-10-10T03:29:58.4566425Z' while content on disk has modification time of '2025-10-10T03:29:58.8596448Z'
  ERROR: Build asset version error: assets/models/swat/swat@rifle aiming idle.fbm/soldier_body_diffuse.png in SourceAssetDB has modification time of '2025-10-10T03:29:58.4566425Z' while content on disk has modification time of '2025-10-10T03:29:58.8596448Z'
Number of updated asset objects reloaded before import = 0Number of asset objects unloaded after import = 0

========================================================================
Received Import Request.
  Time since last request: 0.000021 seconds.
  path: Assets/models/Swat/Swat@Rifle Aiming Idle.fbm/Soldier_Body_diffuse.png
  artifactKey: Guid(d94b28c323e2f094a89663c8b28ce9d2) Importer(815301076,1909f56bfc062723c751e8b465ee728b)
Start importing Assets/models/Swat/Swat@Rifle Aiming Idle.fbm/Soldier_Body_diffuse.png using Guid(d94b28c323e2f094a89663c8b28ce9d2) Importer(815301076,1909f56bfc062723c751e8b465ee728b) (PreviewImporter) -> (artifact id: '00000000000000000000000000000000') in 0.014747 seconds
Import Error Code:(4)
Message: Build asset version error: assets/models/swat/swat@rifle aiming idle.fbm/soldier_body_diffuse.png in SourceAssetDB has modification time of '2025-10-10T03:29:58.4566425Z' while content on disk has modification time of '2025-10-10T03:29:58.8596448Z'
  ERROR: Build asset version error: assets/models/swat/swat@rifle aiming idle.fbm/soldier_body_diffuse.png in SourceAssetDB has modification time of '2025-10-10T03:29:58.4566425Z' while content on disk has modification time of '2025-10-10T03:29:58.8596448Z'
Number of updated asset objects reloaded before import = 0Number of asset objects unloaded after import = 0

========================================================================
Received Import Request.
  Time since last request: 0.004067 seconds.
  path: Assets/models/Swat/Swat@Rifle Aiming Idle.fbm/Soldier_head_diffuse.png
  artifactKey: Guid(25cdebc21b2300240b1fbd3494d07830) Importer(815301076,1909f56bfc062723c751e8b465ee728b)
Start importing Assets/models/Swat/Swat@Rifle Aiming Idle.fbm/Soldier_head_diffuse.png using Guid(25cdebc21b2300240b1fbd3494d07830) Importer(815301076,1909f56bfc062723c751e8b465ee728b) (PreviewImporter) -> (artifact id: '00000000000000000000000000000000') in 0.005107 seconds
Import Error Code:(4)
Message: Build asset version error: assets/models/swat/swat@rifle aiming idle.fbm/soldier_head_diffuse.png in SourceAssetDB has modification time of '2025-10-10T03:29:58.4581459Z' while content on disk has modification time of '2025-10-10T03:29:58.8606462Z'
  ERROR: Build asset version error: assets/models/swat/swat@rifle aiming idle.fbm/soldier_head_diffuse.png in SourceAssetDB has modification time of '2025-10-10T03:29:58.4581459Z' while content on disk has modification time of '2025-10-10T03:29:58.8606462Z'
Number of updated asset objects reloaded before import = 0Number of asset objects unloaded after import = 0

========================================================================
Received Import Request.
  Time since last request: 0.000013 seconds.
  path: Assets/models/Swat/Swat@Rifle Aiming Idle.fbm/Soldier_head_diffuse.png
  artifactKey: Guid(25cdebc21b2300240b1fbd3494d07830) Importer(815301076,1909f56bfc062723c751e8b465ee728b)
Start importing Assets/models/Swat/Swat@Rifle Aiming Idle.fbm/Soldier_head_diffuse.png using Guid(25cdebc21b2300240b1fbd3494d07830) Importer(815301076,1909f56bfc062723c751e8b465ee728b) (PreviewImporter) -> (artifact id: '00000000000000000000000000000000') in 0.004446 seconds
Import Error Code:(4)
Message: Build asset version error: assets/models/swat/swat@rifle aiming idle.fbm/soldier_head_diffuse.png in SourceAssetDB has modification time of '2025-10-10T03:29:58.4581459Z' while content on disk has modification time of '2025-10-10T03:29:58.8606462Z'
  ERROR: Build asset version error: assets/models/swat/swat@rifle aiming idle.fbm/soldier_head_diffuse.png in SourceAssetDB has modification time of '2025-10-10T03:29:58.4581459Z' while content on disk has modification time of '2025-10-10T03:29:58.8606462Z'
Number of updated asset objects reloaded before import = 0Number of asset objects unloaded after import = 0

========================================================================
Received Import Request.
  Time since last request: 0.000014 seconds.
  path: Assets/models/Swat/Swat@Rifle Aiming Idle.fbm/Soldier_head_diffuse.png
  artifactKey: Guid(25cdebc21b2300240b1fbd3494d07830) Importer(815301076,1909f56bfc062723c751e8b465ee728b)
Start importing Assets/models/Swat/Swat@Rifle Aiming Idle.fbm/Soldier_head_diffuse.png using Guid(25cdebc21b2300240b1fbd3494d07830) Importer(815301076,1909f56bfc062723c751e8b465ee728b) (PreviewImporter) -> (artifact id: '00000000000000000000000000000000') in 0.0043986 seconds
Import Error Code:(4)
Message: Build asset version error: assets/models/swat/swat@rifle aiming idle.fbm/soldier_head_diffuse.png in SourceAssetDB has modification time of '2025-10-10T03:29:58.4581459Z' while content on disk has modification time of '2025-10-10T03:29:58.8606462Z'
  ERROR: Build asset version error: assets/models/swat/swat@rifle aiming idle.fbm/soldier_head_diffuse.png in SourceAssetDB has modification time of '2025-10-10T03:29:58.4581459Z' while content on disk has modification time of '2025-10-10T03:29:58.8606462Z'
Number of updated asset objects reloaded before import = 0Number of asset objects unloaded after import = 0

========================================================================
Received Import Request.
  Time since last request: 0.000012 seconds.
  path: Assets/models/Swat/Swat@Rifle Aiming Idle.fbm/Soldier_head_diffuse.png
  artifactKey: Guid(25cdebc21b2300240b1fbd3494d07830) Importer(815301076,1909f56bfc062723c751e8b465ee728b)
Start importing Assets/models/Swat/Swat@Rifle Aiming Idle.fbm/Soldier_head_diffuse.png using Guid(25cdebc21b2300240b1fbd3494d07830) Importer(815301076,1909f56bfc062723c751e8b465ee728b) (PreviewImporter) -> (artifact id: '00000000000000000000000000000000') in 0.0049854 seconds
Import Error Code:(4)
Message: Build asset version error: assets/models/swat/swat@rifle aiming idle.fbm/soldier_head_diffuse.png in SourceAssetDB has modification time of '2025-10-10T03:29:58.4581459Z' while content on disk has modification time of '2025-10-10T03:29:58.8606462Z'
  ERROR: Build asset version error: assets/models/swat/swat@rifle aiming idle.fbm/soldier_head_diffuse.png in SourceAssetDB has modification time of '2025-10-10T03:29:58.4581459Z' while content on disk has modification time of '2025-10-10T03:29:58.8606462Z'
Number of updated asset objects reloaded before import = 0Number of asset objects unloaded after import = 0

========================================================================
Received Import Request.
  Time since last request: 0.000012 seconds.
  path: Assets/models/Swat/Swat@Rifle Aiming Idle.fbm/Soldier_head_diffuse.png
  artifactKey: Guid(25cdebc21b2300240b1fbd3494d07830) Importer(815301076,1909f56bfc062723c751e8b465ee728b)
Start importing Assets/models/Swat/Swat@Rifle Aiming Idle.fbm/Soldier_head_diffuse.png using Guid(25cdebc21b2300240b1fbd3494d07830) Importer(815301076,1909f56bfc062723c751e8b465ee728b) (PreviewImporter) -> (artifact id: '00000000000000000000000000000000') in 0.0054905 seconds
Import Error Code:(4)
Message: Build asset version error: assets/models/swat/swat@rifle aiming idle.fbm/soldier_head_diffuse.png in SourceAssetDB has modification time of '2025-10-10T03:29:58.4581459Z' while content on disk has modification time of '2025-10-10T03:29:58.8606462Z'
  ERROR: Build asset version error: assets/models/swat/swat@rifle aiming idle.fbm/soldier_head_diffuse.png in SourceAssetDB has modification time of '2025-10-10T03:29:58.4581459Z' while content on disk has modification time of '2025-10-10T03:29:58.8606462Z'
Number of updated asset objects reloaded before import = 0Number of asset objects unloaded after import = 0

========================================================================
Received Import Request.
  Time since last request: 0.000015 seconds.
  path: Assets/models/Swat/Swat@Rifle Aiming Idle.fbm/Soldier_head_diffuse.png
  artifactKey: Guid(25cdebc21b2300240b1fbd3494d07830) Importer(815301076,1909f56bfc062723c751e8b465ee728b)
Start importing Assets/models/Swat/Swat@Rifle Aiming Idle.fbm/Soldier_head_diffuse.png using Guid(25cdebc21b2300240b1fbd3494d07830) Importer(815301076,1909f56bfc062723c751e8b465ee728b) (PreviewImporter) -> (artifact id: '00000000000000000000000000000000') in 0.004328 seconds
Import Error Code:(4)
Message: Build asset version error: assets/models/swat/swat@rifle aiming idle.fbm/soldier_head_diffuse.png in SourceAssetDB has modification time of '2025-10-10T03:29:58.4581459Z' while content on disk has modification time of '2025-10-10T03:29:58.8606462Z'
  ERROR: Build asset version error: assets/models/swat/swat@rifle aiming idle.fbm/soldier_head_diffuse.png in SourceAssetDB has modification time of '2025-10-10T03:29:58.4581459Z' while content on disk has modification time of '2025-10-10T03:29:58.8606462Z'
Number of updated asset objects reloaded before import = 0Number of asset objects unloaded after import = 0

========================================================================
Received Import Request.
  Time since last request: 0.000023 seconds.
  path: Assets/models/Swat/Swat@Rifle Aiming Idle.fbm/Soldier_Body_specular.png
  artifactKey: Guid(d7c37d25d3522ae4388060cc448cff26) Importer(815301076,1909f56bfc062723c751e8b465ee728b)
Start importing Assets/models/Swat/Swat@Rifle Aiming Idle.fbm/Soldier_Body_specular.png using Guid(d7c37d25d3522ae4388060cc448cff26) Importer(815301076,1909f56bfc062723c751e8b465ee728b) (PreviewImporter) -> (artifact id: '00000000000000000000000000000000') in 0.0044125 seconds
Import Error Code:(4)
Message: Build asset version error: assets/models/swat/swat@rifle aiming idle.fbm/soldier_body_specular.png in SourceAssetDB has modification time of '2025-10-10T03:29:58.341289Z' while content on disk has modification time of '2025-10-10T03:29:58.8616457Z'
  ERROR: Build asset version error: assets/models/swat/swat@rifle aiming idle.fbm/soldier_body_specular.png in SourceAssetDB has modification time of '2025-10-10T03:29:58.341289Z' while content on disk has modification time of '2025-10-10T03:29:58.8616457Z'
Number of updated asset objects reloaded before import = 0Number of asset objects unloaded after import = 0

========================================================================
Received Import Request.
  Time since last request: 0.000012 seconds.
  path: Assets/models/Swat/Swat@Rifle Aiming Idle.fbm/Soldier_Body_specular.png
  artifactKey: Guid(d7c37d25d3522ae4388060cc448cff26) Importer(815301076,1909f56bfc062723c751e8b465ee728b)
Start importing Assets/models/Swat/Swat@Rifle Aiming Idle.fbm/Soldier_Body_specular.png using Guid(d7c37d25d3522ae4388060cc448cff26) Importer(815301076,1909f56bfc062723c751e8b465ee728b) (PreviewImporter) -> (artifact id: '00000000000000000000000000000000') in 0.0046132 seconds
Import Error Code:(4)
Message: Build asset version error: assets/models/swat/swat@rifle aiming idle.fbm/soldier_body_specular.png in SourceAssetDB has modification time of '2025-10-10T03:29:58.341289Z' while content on disk has modification time of '2025-10-10T03:29:58.8616457Z'
  ERROR: Build asset version error: assets/models/swat/swat@rifle aiming idle.fbm/soldier_body_specular.png in SourceAssetDB has modification time of '2025-10-10T03:29:58.341289Z' while content on disk has modification time of '2025-10-10T03:29:58.8616457Z'
Number of updated asset objects reloaded before import = 0Number of asset objects unloaded after import = 0

========================================================================
Received Import Request.
  Time since last request: 0.000013 seconds.
  path: Assets/models/Swat/Swat@Rifle Aiming Idle.fbm/Soldier_Body_diffuse.png
  artifactKey: Guid(d94b28c323e2f094a89663c8b28ce9d2) Importer(815301076,1909f56bfc062723c751e8b465ee728b)
Start importing Assets/models/Swat/Swat@Rifle Aiming Idle.fbm/Soldier_Body_diffuse.png using Guid(d94b28c323e2f094a89663c8b28ce9d2) Importer(815301076,1909f56bfc062723c751e8b465ee728b) (PreviewImporter) -> (artifact id: '00000000000000000000000000000000') in 0.0047056 seconds
Import Error Code:(4)
Message: Build asset version error: assets/models/swat/swat@rifle aiming idle.fbm/soldier_body_diffuse.png in SourceAssetDB has modification time of '2025-10-10T03:29:58.4566425Z' while content on disk has modification time of '2025-10-10T03:29:58.8596448Z'
  ERROR: Build asset version error: assets/models/swat/swat@rifle aiming idle.fbm/soldier_body_diffuse.png in SourceAssetDB has modification time of '2025-10-10T03:29:58.4566425Z' while content on disk has modification time of '2025-10-10T03:29:58.8596448Z'
Number of updated asset objects reloaded before import = 0Number of asset objects unloaded after import = 0

========================================================================
Received Import Request.
  Time since last request: 0.000013 seconds.
  path: Assets/models/Swat/Swat@Rifle Aiming Idle.fbm/Soldier_head_diffuse.png
  artifactKey: Guid(25cdebc21b2300240b1fbd3494d07830) Importer(815301076,1909f56bfc062723c751e8b465ee728b)
Start importing Assets/models/Swat/Swat@Rifle Aiming Idle.fbm/Soldier_head_diffuse.png using Guid(25cdebc21b2300240b1fbd3494d07830) Importer(815301076,1909f56bfc062723c751e8b465ee728b) (PreviewImporter) -> (artifact id: '00000000000000000000000000000000') in 0.0041386 seconds
Import Error Code:(4)
Message: Build asset version error: assets/models/swat/swat@rifle aiming idle.fbm/soldier_head_diffuse.png in SourceAssetDB has modification time of '2025-10-10T03:29:58.4581459Z' while content on disk has modification time of '2025-10-10T03:29:58.8606462Z'
  ERROR: Build asset version error: assets/models/swat/swat@rifle aiming idle.fbm/soldier_head_diffuse.png in SourceAssetDB has modification time of '2025-10-10T03:29:58.4581459Z' while content on disk has modification time of '2025-10-10T03:29:58.8606462Z'
Number of updated asset objects reloaded before import = 0Number of asset objects unloaded after import = 0

========================================================================
Received Import Request.
  Time since last request: 0.000012 seconds.
  path: Assets/models/Swat/Swat@Rifle Aiming Idle.fbm/Soldier_head_diffuse.png
  artifactKey: Guid(25cdebc21b2300240b1fbd3494d07830) Importer(815301076,1909f56bfc062723c751e8b465ee728b)
Start importing Assets/models/Swat/Swat@Rifle Aiming Idle.fbm/Soldier_head_diffuse.png using Guid(25cdebc21b2300240b1fbd3494d07830) Importer(815301076,1909f56bfc062723c751e8b465ee728b) (PreviewImporter) -> (artifact id: '00000000000000000000000000000000') in 0.0043849 seconds
Import Error Code:(4)
Message: Build asset version error: assets/models/swat/swat@rifle aiming idle.fbm/soldier_head_diffuse.png in SourceAssetDB has modification time of '2025-10-10T03:29:58.4581459Z' while content on disk has modification time of '2025-10-10T03:29:58.8606462Z'
  ERROR: Build asset version error: assets/models/swat/swat@rifle aiming idle.fbm/soldier_head_diffuse.png in SourceAssetDB has modification time of '2025-10-10T03:29:58.4581459Z' while content on disk has modification time of '2025-10-10T03:29:58.8606462Z'
Number of updated asset objects reloaded before import = 0Number of asset objects unloaded after import = 0

========================================================================
Received Import Request.
  Time since last request: 0.000011 seconds.
  path: Assets/models/Swat/Swat@Rifle Aiming Idle.fbm/Soldier_head_diffuse.png
  artifactKey: Guid(25cdebc21b2300240b1fbd3494d07830) Importer(815301076,1909f56bfc062723c751e8b465ee728b)
Start importing Assets/models/Swat/Swat@Rifle Aiming Idle.fbm/Soldier_head_diffuse.png using Guid(25cdebc21b2300240b1fbd3494d07830) Importer(815301076,1909f56bfc062723c751e8b465ee728b) (PreviewImporter) -> (artifact id: '00000000000000000000000000000000') in 0.0048298 seconds
Import Error Code:(4)
Message: Build asset version error: assets/models/swat/swat@rifle aiming idle.fbm/soldier_head_diffuse.png in SourceAssetDB has modification time of '2025-10-10T03:29:58.4581459Z' while content on disk has modification time of '2025-10-10T03:29:58.8606462Z'
  ERROR: Build asset version error: assets/models/swat/swat@rifle aiming idle.fbm/soldier_head_diffuse.png in SourceAssetDB has modification time of '2025-10-10T03:29:58.4581459Z' while content on disk has modification time of '2025-10-10T03:29:58.8606462Z'
Number of updated asset objects reloaded before import = 0Number of asset objects unloaded after import = 0

========================================================================
Received Import Request.
  Time since last request: 0.000015 seconds.
  path: Assets/models/Swat/Swat@Rifle Aiming Idle.fbm/Soldier_head_diffuse.png
  artifactKey: Guid(25cdebc21b2300240b1fbd3494d07830) Importer(815301076,1909f56bfc062723c751e8b465ee728b)
Start importing Assets/models/Swat/Swat@Rifle Aiming Idle.fbm/Soldier_head_diffuse.png using Guid(25cdebc21b2300240b1fbd3494d07830) Importer(815301076,1909f56bfc062723c751e8b465ee728b) (PreviewImporter) -> (artifact id: '00000000000000000000000000000000') in 0.0040527 seconds
Import Error Code:(4)
Message: Build asset version error: assets/models/swat/swat@rifle aiming idle.fbm/soldier_head_diffuse.png in SourceAssetDB has modification time of '2025-10-10T03:29:58.4581459Z' while content on disk has modification time of '2025-10-10T03:29:58.8606462Z'
  ERROR: Build asset version error: assets/models/swat/swat@rifle aiming idle.fbm/soldier_head_diffuse.png in SourceAssetDB has modification time of '2025-10-10T03:29:58.4581459Z' while content on disk has modification time of '2025-10-10T03:29:58.8606462Z'
Number of updated asset objects reloaded before import = 0Number of asset objects unloaded after import = 0

========================================================================
Received Import Request.
  Time since last request: 0.000019 seconds.
  path: Assets/models/Swat/Swat@Rifle Aiming Idle.fbm/Soldier_Body_specular.png
  artifactKey: Guid(d7c37d25d3522ae4388060cc448cff26) Importer(815301076,1909f56bfc062723c751e8b465ee728b)
Start importing Assets/models/Swat/Swat@Rifle Aiming Idle.fbm/Soldier_Body_specular.png using Guid(d7c37d25d3522ae4388060cc448cff26) Importer(815301076,1909f56bfc062723c751e8b465ee728b) (PreviewImporter) -> (artifact id: '00000000000000000000000000000000') in 0.0045602 seconds
Import Error Code:(4)
Message: Build asset version error: assets/models/swat/swat@rifle aiming idle.fbm/soldier_body_specular.png in SourceAssetDB has modification time of '2025-10-10T03:29:58.341289Z' while content on disk has modification time of '2025-10-10T03:29:58.8616457Z'
  ERROR: Build asset version error: assets/models/swat/swat@rifle aiming idle.fbm/soldier_body_specular.png in SourceAssetDB has modification time of '2025-10-10T03:29:58.341289Z' while content on disk has modification time of '2025-10-10T03:29:58.8616457Z'
Number of updated asset objects reloaded before import = 0Number of asset objects unloaded after import = 0

========================================================================
Received Import Request.
  Time since last request: 0.000011 seconds.
  path: Assets/models/Swat/Swat@Rifle Aiming Idle.fbm/Soldier_Body_specular.png
  artifactKey: Guid(d7c37d25d3522ae4388060cc448cff26) Importer(815301076,1909f56bfc062723c751e8b465ee728b)
Start importing Assets/models/Swat/Swat@Rifle Aiming Idle.fbm/Soldier_Body_specular.png using Guid(d7c37d25d3522ae4388060cc448cff26) Importer(815301076,1909f56bfc062723c751e8b465ee728b) (PreviewImporter) -> (artifact id: '00000000000000000000000000000000') in 0.0041012 seconds
Import Error Code:(4)
Message: Build asset version error: assets/models/swat/swat@rifle aiming idle.fbm/soldier_body_specular.png in SourceAssetDB has modification time of '2025-10-10T03:29:58.341289Z' while content on disk has modification time of '2025-10-10T03:29:58.8616457Z'
  ERROR: Build asset version error: assets/models/swat/swat@rifle aiming idle.fbm/soldier_body_specular.png in SourceAssetDB has modification time of '2025-10-10T03:29:58.341289Z' while content on disk has modification time of '2025-10-10T03:29:58.8616457Z'
Number of updated asset objects reloaded before import = 0Number of asset objects unloaded after import = 0

========================================================================
Received Import Request.
  Time since last request: 0.000012 seconds.
  path: Assets/models/Swat/Swat@Rifle Aiming Idle.fbm/Soldier_Body_specular.png
  artifactKey: Guid(d7c37d25d3522ae4388060cc448cff26) Importer(815301076,1909f56bfc062723c751e8b465ee728b)
Start importing Assets/models/Swat/Swat@Rifle Aiming Idle.fbm/Soldier_Body_specular.png using Guid(d7c37d25d3522ae4388060cc448cff26) Importer(815301076,1909f56bfc062723c751e8b465ee728b) (PreviewImporter) -> (artifact id: '00000000000000000000000000000000') in 0.0046478 seconds
Import Error Code:(4)
Message: Build asset version error: assets/models/swat/swat@rifle aiming idle.fbm/soldier_body_specular.png in SourceAssetDB has modification time of '2025-10-10T03:29:58.341289Z' while content on disk has modification time of '2025-10-10T03:29:58.8616457Z'
  ERROR: Build asset version error: assets/models/swat/swat@rifle aiming idle.fbm/soldier_body_specular.png in SourceAssetDB has modification time of '2025-10-10T03:29:58.341289Z' while content on disk has modification time of '2025-10-10T03:29:58.8616457Z'
Number of updated asset objects reloaded before import = 0Number of asset objects unloaded after import = 0

========================================================================
Received Import Request.
  Time since last request: 0.000013 seconds.
  path: Assets/models/Swat/Swat@Rifle Aiming Idle.fbm/Soldier_Body_specular.png
  artifactKey: Guid(d7c37d25d3522ae4388060cc448cff26) Importer(815301076,1909f56bfc062723c751e8b465ee728b)
Start importing Assets/models/Swat/Swat@Rifle Aiming Idle.fbm/Soldier_Body_specular.png using Guid(d7c37d25d3522ae4388060cc448cff26) Importer(815301076,1909f56bfc062723c751e8b465ee728b) (PreviewImporter) -> (artifact id: '00000000000000000000000000000000') in 0.0050275 seconds
Import Error Code:(4)
Message: Build asset version error: assets/models/swat/swat@rifle aiming idle.fbm/soldier_body_specular.png in SourceAssetDB has modification time of '2025-10-10T03:29:58.341289Z' while content on disk has modification time of '2025-10-10T03:29:58.8616457Z'
  ERROR: Build asset version error: assets/models/swat/swat@rifle aiming idle.fbm/soldier_body_specular.png in SourceAssetDB has modification time of '2025-10-10T03:29:58.341289Z' while content on disk has modification time of '2025-10-10T03:29:58.8616457Z'
Number of updated asset objects reloaded before import = 0Number of asset objects unloaded after import = 0

========================================================================
Received Import Request.
  Time since last request: 0.000012 seconds.
  path: Assets/models/Swat/Swat@Rifle Aiming Idle.fbm/Soldier_head_diffuse.png
  artifactKey: Guid(25cdebc21b2300240b1fbd3494d07830) Importer(815301076,1909f56bfc062723c751e8b465ee728b)
Start importing Assets/models/Swat/Swat@Rifle Aiming Idle.fbm/Soldier_head_diffuse.png using Guid(25cdebc21b2300240b1fbd3494d07830) Importer(815301076,1909f56bfc062723c751e8b465ee728b) (PreviewImporter) -> (artifact id: '00000000000000000000000000000000') in 0.0049233 seconds
Import Error Code:(4)
Message: Build asset version error: assets/models/swat/swat@rifle aiming idle.fbm/soldier_head_diffuse.png in SourceAssetDB has modification time of '2025-10-10T03:29:58.4581459Z' while content on disk has modification time of '2025-10-10T03:29:58.8606462Z'
  ERROR: Build asset version error: assets/models/swat/swat@rifle aiming idle.fbm/soldier_head_diffuse.png in SourceAssetDB has modification time of '2025-10-10T03:29:58.4581459Z' while content on disk has modification time of '2025-10-10T03:29:58.8606462Z'
Number of updated asset objects reloaded before import = 0Number of asset objects unloaded after import = 0

========================================================================
Received Import Request.
  Time since last request: 0.000012 seconds.
  path: Assets/models/Swat/Swat@Rifle Aiming Idle.fbm/Soldier_head_diffuse.png
  artifactKey: Guid(25cdebc21b2300240b1fbd3494d07830) Importer(815301076,1909f56bfc062723c751e8b465ee728b)
Start importing Assets/models/Swat/Swat@Rifle Aiming Idle.fbm/Soldier_head_diffuse.png using Guid(25cdebc21b2300240b1fbd3494d07830) Importer(815301076,1909f56bfc062723c751e8b465ee728b) (PreviewImporter) -> (artifact id: '00000000000000000000000000000000') in 0.0048781 seconds
Import Error Code:(4)
Message: Build asset version error: assets/models/swat/swat@rifle aiming idle.fbm/soldier_head_diffuse.png in SourceAssetDB has modification time of '2025-10-10T03:29:58.4581459Z' while content on disk has modification time of '2025-10-10T03:29:58.8606462Z'
  ERROR: Build asset version error: assets/models/swat/swat@rifle aiming idle.fbm/soldier_head_diffuse.png in SourceAssetDB has modification time of '2025-10-10T03:29:58.4581459Z' while content on disk has modification time of '2025-10-10T03:29:58.8606462Z'
Number of updated asset objects reloaded before import = 0Number of asset objects unloaded after import = 0

========================================================================
Received Import Request.
  Time since last request: 0.000014 seconds.
  path: Assets/models/Swat/Swat@Rifle Aiming Idle.fbm/Soldier_head_diffuse.png
  artifactKey: Guid(25cdebc21b2300240b1fbd3494d07830) Importer(815301076,1909f56bfc062723c751e8b465ee728b)
Start importing Assets/models/Swat/Swat@Rifle Aiming Idle.fbm/Soldier_head_diffuse.png using Guid(25cdebc21b2300240b1fbd3494d07830) Importer(815301076,1909f56bfc062723c751e8b465ee728b) (PreviewImporter) -> (artifact id: '00000000000000000000000000000000') in 0.0042996 seconds
Import Error Code:(4)
Message: Build asset version error: assets/models/swat/swat@rifle aiming idle.fbm/soldier_head_diffuse.png in SourceAssetDB has modification time of '2025-10-10T03:29:58.4581459Z' while content on disk has modification time of '2025-10-10T03:29:58.8606462Z'
  ERROR: Build asset version error: assets/models/swat/swat@rifle aiming idle.fbm/soldier_head_diffuse.png in SourceAssetDB has modification time of '2025-10-10T03:29:58.4581459Z' while content on disk has modification time of '2025-10-10T03:29:58.8606462Z'
Number of updated asset objects reloaded before import = 0Number of asset objects unloaded after import = 0

========================================================================
Received Import Request.
  Time since last request: 0.000026 seconds.
  path: Assets/models/Swat/Swat@Rifle Aiming Idle.fbm/Soldier_head_diffuse.png
  artifactKey: Guid(25cdebc21b2300240b1fbd3494d07830) Importer(815301076,1909f56bfc062723c751e8b465ee728b)
Start importing Assets/models/Swat/Swat@Rifle Aiming Idle.fbm/Soldier_head_diffuse.png using Guid(25cdebc21b2300240b1fbd3494d07830) Importer(815301076,1909f56bfc062723c751e8b465ee728b) (PreviewImporter) -> (artifact id: '00000000000000000000000000000000') in 0.0046221 seconds
Import Error Code:(4)
Message: Build asset version error: assets/models/swat/swat@rifle aiming idle.fbm/soldier_head_diffuse.png in SourceAssetDB has modification time of '2025-10-10T03:29:58.4581459Z' while content on disk has modification time of '2025-10-10T03:29:58.8606462Z'
  ERROR: Build asset version error: assets/models/swat/swat@rifle aiming idle.fbm/soldier_head_diffuse.png in SourceAssetDB has modification time of '2025-10-10T03:29:58.4581459Z' while content on disk has modification time of '2025-10-10T03:29:58.8606462Z'
Number of updated asset objects reloaded before import = 0Number of asset objects unloaded after import = 0

========================================================================
Received Import Request.
  Time since last request: 0.000012 seconds.
  path: Assets/models/Swat/Swat@Rifle Aiming Idle.fbm/Soldier_head_specular.png
  artifactKey: Guid(87bbbc18518918640a8b3dcca516bd84) Importer(815301076,1909f56bfc062723c751e8b465ee728b)
Start importing Assets/models/Swat/Swat@Rifle Aiming Idle.fbm/Soldier_head_specular.png using Guid(87bbbc18518918640a8b3dcca516bd84) Importer(815301076,1909f56bfc062723c751e8b465ee728b) (PreviewImporter) -> (artifact id: '00000000000000000000000000000000') in 0.0049109 seconds
Import Error Code:(4)
Message: Build asset version error: assets/models/swat/swat@rifle aiming idle.fbm/soldier_head_specular.png in SourceAssetDB has modification time of '2025-10-10T03:29:58.3418011Z' while content on disk has modification time of '2025-10-10T03:29:58.8616457Z'
  ERROR: Build asset version error: assets/models/swat/swat@rifle aiming idle.fbm/soldier_head_specular.png in SourceAssetDB has modification time of '2025-10-10T03:29:58.3418011Z' while content on disk has modification time of '2025-10-10T03:29:58.8616457Z'
Number of updated asset objects reloaded before import = 0Number of asset objects unloaded after import = 0

========================================================================
Received Import Request.
  Time since last request: 0.000012 seconds.
  path: Assets/models/Swat/Swat@Rifle Aiming Idle.fbm/Soldier_head_diffuse.png
  artifactKey: Guid(25cdebc21b2300240b1fbd3494d07830) Importer(815301076,1909f56bfc062723c751e8b465ee728b)
Start importing Assets/models/Swat/Swat@Rifle Aiming Idle.fbm/Soldier_head_diffuse.png using Guid(25cdebc21b2300240b1fbd3494d07830) Importer(815301076,1909f56bfc062723c751e8b465ee728b) (PreviewImporter) -> (artifact id: '00000000000000000000000000000000') in 0.0047391 seconds
Import Error Code:(4)
Message: Build asset version error: assets/models/swat/swat@rifle aiming idle.fbm/soldier_head_diffuse.png in SourceAssetDB has modification time of '2025-10-10T03:29:58.4581459Z' while content on disk has modification time of '2025-10-10T03:29:58.8606462Z'
  ERROR: Build asset version error: assets/models/swat/swat@rifle aiming idle.fbm/soldier_head_diffuse.png in SourceAssetDB has modification time of '2025-10-10T03:29:58.4581459Z' while content on disk has modification time of '2025-10-10T03:29:58.8606462Z'
Number of updated asset objects reloaded before import = 0Number of asset objects unloaded after import = 0

========================================================================
Received Import Request.
  Time since last request: 0.000023 seconds.
  path: Assets/models/Swat/Swat@Rifle Aiming Idle.fbm/Soldier_head_diffuse.png
  artifactKey: Guid(25cdebc21b2300240b1fbd3494d07830) Importer(815301076,1909f56bfc062723c751e8b465ee728b)
Start importing Assets/models/Swat/Swat@Rifle Aiming Idle.fbm/Soldier_head_diffuse.png using Guid(25cdebc21b2300240b1fbd3494d07830) Importer(815301076,1909f56bfc062723c751e8b465ee728b) (PreviewImporter) -> (artifact id: '00000000000000000000000000000000') in 0.0048741 seconds
Import Error Code:(4)
Message: Build asset version error: assets/models/swat/swat@rifle aiming idle.fbm/soldier_head_diffuse.png in SourceAssetDB has modification time of '2025-10-10T03:29:58.4581459Z' while content on disk has modification time of '2025-10-10T03:29:58.8606462Z'
  ERROR: Build asset version error: assets/models/swat/swat@rifle aiming idle.fbm/soldier_head_diffuse.png in SourceAssetDB has modification time of '2025-10-10T03:29:58.4581459Z' while content on disk has modification time of '2025-10-10T03:29:58.8606462Z'
Number of updated asset objects reloaded before import = 0Number of asset objects unloaded after import = 0

========================================================================
Received Import Request.
  Time since last request: 0.000013 seconds.
  path: Assets/models/Swat/Swat@Rifle Aiming Idle.fbm/Soldier_head_diffuse.png
  artifactKey: Guid(25cdebc21b2300240b1fbd3494d07830) Importer(815301076,1909f56bfc062723c751e8b465ee728b)
Start importing Assets/models/Swat/Swat@Rifle Aiming Idle.fbm/Soldier_head_diffuse.png using Guid(25cdebc21b2300240b1fbd3494d07830) Importer(815301076,1909f56bfc062723c751e8b465ee728b) (PreviewImporter) -> (artifact id: '00000000000000000000000000000000') in 0.0049237 seconds
Import Error Code:(4)
Message: Build asset version error: assets/models/swat/swat@rifle aiming idle.fbm/soldier_head_diffuse.png in SourceAssetDB has modification time of '2025-10-10T03:29:58.4581459Z' while content on disk has modification time of '2025-10-10T03:29:58.8606462Z'
  ERROR: Build asset version error: assets/models/swat/swat@rifle aiming idle.fbm/soldier_head_diffuse.png in SourceAssetDB has modification time of '2025-10-10T03:29:58.4581459Z' while content on disk has modification time of '2025-10-10T03:29:58.8606462Z'
Number of updated asset objects reloaded before import = 0Number of asset objects unloaded after import = 0

========================================================================
Received Import Request.
  Time since last request: 0.000013 seconds.
  path: Assets/models/Swat/Swat@Rifle Aiming Idle.fbm/Soldier_head_diffuse.png
  artifactKey: Guid(25cdebc21b2300240b1fbd3494d07830) Importer(815301076,1909f56bfc062723c751e8b465ee728b)
Start importing Assets/models/Swat/Swat@Rifle Aiming Idle.fbm/Soldier_head_diffuse.png using Guid(25cdebc21b2300240b1fbd3494d07830) Importer(815301076,1909f56bfc062723c751e8b465ee728b) (PreviewImporter) -> (artifact id: '00000000000000000000000000000000') in 0.0045142 seconds
Import Error Code:(4)
Message: Build asset version error: assets/models/swat/swat@rifle aiming idle.fbm/soldier_head_diffuse.png in SourceAssetDB has modification time of '2025-10-10T03:29:58.4581459Z' while content on disk has modification time of '2025-10-10T03:29:58.8606462Z'
  ERROR: Build asset version error: assets/models/swat/swat@rifle aiming idle.fbm/soldier_head_diffuse.png in SourceAssetDB has modification time of '2025-10-10T03:29:58.4581459Z' while content on disk has modification time of '2025-10-10T03:29:58.8606462Z'
Number of updated asset objects reloaded before import = 0Number of asset objects unloaded after import = 0

========================================================================
Received Import Request.
  Time since last request: 0.000013 seconds.
  path: Assets/models/Swat/Swat@Rifle Aiming Idle.fbm/Soldier_head_diffuse.png
  artifactKey: Guid(25cdebc21b2300240b1fbd3494d07830) Importer(815301076,1909f56bfc062723c751e8b465ee728b)
Start importing Assets/models/Swat/Swat@Rifle Aiming Idle.fbm/Soldier_head_diffuse.png using Guid(25cdebc21b2300240b1fbd3494d07830) Importer(815301076,1909f56bfc062723c751e8b465ee728b) (PreviewImporter) -> (artifact id: '00000000000000000000000000000000') in 0.0040188 seconds
Import Error Code:(4)
Message: Build asset version error: assets/models/swat/swat@rifle aiming idle.fbm/soldier_head_diffuse.png in SourceAssetDB has modification time of '2025-10-10T03:29:58.4581459Z' while content on disk has modification time of '2025-10-10T03:29:58.8606462Z'
  ERROR: Build asset version error: assets/models/swat/swat@rifle aiming idle.fbm/soldier_head_diffuse.png in SourceAssetDB has modification time of '2025-10-10T03:29:58.4581459Z' while content on disk has modification time of '2025-10-10T03:29:58.8606462Z'
Number of updated asset objects reloaded before import = 0Number of asset objects unloaded after import = 0

========================================================================
Received Import Request.
  Time since last request: 0.000021 seconds.
  path: Assets/models/Swat/Swat@Rifle Aiming Idle.fbm/Soldier_head_diffuse.png
  artifactKey: Guid(25cdebc21b2300240b1fbd3494d07830) Importer(815301076,1909f56bfc062723c751e8b465ee728b)
Start importing Assets/models/Swat/Swat@Rifle Aiming Idle.fbm/Soldier_head_diffuse.png using Guid(25cdebc21b2300240b1fbd3494d07830) Importer(815301076,1909f56bfc062723c751e8b465ee728b) (PreviewImporter) -> (artifact id: '00000000000000000000000000000000') in 0.0045849 seconds
Import Error Code:(4)
Message: Build asset version error: assets/models/swat/swat@rifle aiming idle.fbm/soldier_head_diffuse.png in SourceAssetDB has modification time of '2025-10-10T03:29:58.4581459Z' while content on disk has modification time of '2025-10-10T03:29:58.8606462Z'
  ERROR: Build asset version error: assets/models/swat/swat@rifle aiming idle.fbm/soldier_head_diffuse.png in SourceAssetDB has modification time of '2025-10-10T03:29:58.4581459Z' while content on disk has modification time of '2025-10-10T03:29:58.8606462Z'
Number of updated asset objects reloaded before import = 0Number of asset objects unloaded after import = 0

========================================================================
Received Import Request.
  Time since last request: 0.000012 seconds.
  path: Assets/models/Swat/Swat@Rifle Aiming Idle.fbm/Soldier_head_diffuse.png
  artifactKey: Guid(25cdebc21b2300240b1fbd3494d07830) Importer(815301076,1909f56bfc062723c751e8b465ee728b)
Start importing Assets/models/Swat/Swat@Rifle Aiming Idle.fbm/Soldier_head_diffuse.png using Guid(25cdebc21b2300240b1fbd3494d07830) Importer(815301076,1909f56bfc062723c751e8b465ee728b) (PreviewImporter) -> (artifact id: '00000000000000000000000000000000') in 0.0044867 seconds
Import Error Code:(4)
Message: Build asset version error: assets/models/swat/swat@rifle aiming idle.fbm/soldier_head_diffuse.png in SourceAssetDB has modification time of '2025-10-10T03:29:58.4581459Z' while content on disk has modification time of '2025-10-10T03:29:58.8606462Z'
  ERROR: Build asset version error: assets/models/swat/swat@rifle aiming idle.fbm/soldier_head_diffuse.png in SourceAssetDB has modification time of '2025-10-10T03:29:58.4581459Z' while content on disk has modification time of '2025-10-10T03:29:58.8606462Z'
Number of updated asset objects reloaded before import = 0Number of asset objects unloaded after import = 0

========================================================================
Received Import Request.
  Time since last request: 0.000011 seconds.
  path: Assets/models/Swat/Swat@Rifle Aiming Idle.fbm/Soldier_head_diffuse.png
  artifactKey: Guid(25cdebc21b2300240b1fbd3494d07830) Importer(815301076,1909f56bfc062723c751e8b465ee728b)
Start importing Assets/models/Swat/Swat@Rifle Aiming Idle.fbm/Soldier_head_diffuse.png using Guid(25cdebc21b2300240b1fbd3494d07830) Importer(815301076,1909f56bfc062723c751e8b465ee728b) (PreviewImporter) -> (artifact id: '00000000000000000000000000000000') in 0.0048105 seconds
Import Error Code:(4)
Message: Build asset version error: assets/models/swat/swat@rifle aiming idle.fbm/soldier_head_diffuse.png in SourceAssetDB has modification time of '2025-10-10T03:29:58.4581459Z' while content on disk has modification time of '2025-10-10T03:29:58.8606462Z'
  ERROR: Build asset version error: assets/models/swat/swat@rifle aiming idle.fbm/soldier_head_diffuse.png in SourceAssetDB has modification time of '2025-10-10T03:29:58.4581459Z' while content on disk has modification time of '2025-10-10T03:29:58.8606462Z'
Number of updated asset objects reloaded before import = 0Number of asset objects unloaded after import = 0

========================================================================
Received Import Request.
  Time since last request: 0.000011 seconds.
  path: Assets/models/Swat/Swat@Rifle Aiming Idle.fbm/Soldier_head_diffuse.png
  artifactKey: Guid(25cdebc21b2300240b1fbd3494d07830) Importer(815301076,1909f56bfc062723c751e8b465ee728b)
Start importing Assets/models/Swat/Swat@Rifle Aiming Idle.fbm/Soldier_head_diffuse.png using Guid(25cdebc21b2300240b1fbd3494d07830) Importer(815301076,1909f56bfc062723c751e8b465ee728b) (PreviewImporter) -> (artifact id: '00000000000000000000000000000000') in 0.0041915 seconds
Import Error Code:(4)
Message: Build asset version error: assets/models/swat/swat@rifle aiming idle.fbm/soldier_head_diffuse.png in SourceAssetDB has modification time of '2025-10-10T03:29:58.4581459Z' while content on disk has modification time of '2025-10-10T03:29:58.8606462Z'
  ERROR: Build asset version error: assets/models/swat/swat@rifle aiming idle.fbm/soldier_head_diffuse.png in SourceAssetDB has modification time of '2025-10-10T03:29:58.4581459Z' while content on disk has modification time of '2025-10-10T03:29:58.8606462Z'
Number of updated asset objects reloaded before import = 0Number of asset objects unloaded after import = 0

========================================================================
Received Import Request.
  Time since last request: 0.000010 seconds.
  path: Assets/models/Swat/Swat@Rifle Aiming Idle.fbm/Soldier_head_specular.png
  artifactKey: Guid(87bbbc18518918640a8b3dcca516bd84) Importer(815301076,1909f56bfc062723c751e8b465ee728b)
Start importing Assets/models/Swat/Swat@Rifle Aiming Idle.fbm/Soldier_head_specular.png using Guid(87bbbc18518918640a8b3dcca516bd84) Importer(815301076,1909f56bfc062723c751e8b465ee728b) (PreviewImporter) -> (artifact id: '00000000000000000000000000000000') in 0.0076324 seconds
Import Error Code:(4)
Message: Build asset version error: assets/models/swat/swat@rifle aiming idle.fbm/soldier_head_specular.png in SourceAssetDB has modification time of '2025-10-10T03:29:58.3418011Z' while content on disk has modification time of '2025-10-10T03:29:58.8616457Z'
  ERROR: Build asset version error: assets/models/swat/swat@rifle aiming idle.fbm/soldier_head_specular.png in SourceAssetDB has modification time of '2025-10-10T03:29:58.3418011Z' while content on disk has modification time of '2025-10-10T03:29:58.8616457Z'
Number of updated asset objects reloaded before import = 0Number of asset objects unloaded after import = 0

========================================================================
Received Import Request.
  Time since last request: 0.000011 seconds.
  path: Assets/models/Swat/Swat@Rifle Aiming Idle.fbm/Soldier_Body_specular.png
  artifactKey: Guid(d7c37d25d3522ae4388060cc448cff26) Importer(815301076,1909f56bfc062723c751e8b465ee728b)
Start importing Assets/models/Swat/Swat@Rifle Aiming Idle.fbm/Soldier_Body_specular.png using Guid(d7c37d25d3522ae4388060cc448cff26) Importer(815301076,1909f56bfc062723c751e8b465ee728b) (PreviewImporter) -> (artifact id: '00000000000000000000000000000000') in 0.0045162 seconds
Import Error Code:(4)
Message: Build asset version error: assets/models/swat/swat@rifle aiming idle.fbm/soldier_body_specular.png in SourceAssetDB has modification time of '2025-10-10T03:29:58.341289Z' while content on disk has modification time of '2025-10-10T03:29:58.8616457Z'
  ERROR: Build asset version error: assets/models/swat/swat@rifle aiming idle.fbm/soldier_body_specular.png in SourceAssetDB has modification time of '2025-10-10T03:29:58.341289Z' while content on disk has modification time of '2025-10-10T03:29:58.8616457Z'
Number of updated asset objects reloaded before import = 0Number of asset objects unloaded after import = 0

========================================================================
Received Import Request.
  Time since last request: 0.000013 seconds.
  path: Assets/models/Swat/Swat@Rifle Aiming Idle.fbm/Soldier_head_diffuse.png
  artifactKey: Guid(25cdebc21b2300240b1fbd3494d07830) Importer(815301076,1909f56bfc062723c751e8b465ee728b)
Start importing Assets/models/Swat/Swat@Rifle Aiming Idle.fbm/Soldier_head_diffuse.png using Guid(25cdebc21b2300240b1fbd3494d07830) Importer(815301076,1909f56bfc062723c751e8b465ee728b) (PreviewImporter) -> (artifact id: '00000000000000000000000000000000') in 0.0043136 seconds
Import Error Code:(4)
Message: Build asset version error: assets/models/swat/swat@rifle aiming idle.fbm/soldier_head_diffuse.png in SourceAssetDB has modification time of '2025-10-10T03:29:58.4581459Z' while content on disk has modification time of '2025-10-10T03:29:58.8606462Z'
  ERROR: Build asset version error: assets/models/swat/swat@rifle aiming idle.fbm/soldier_head_diffuse.png in SourceAssetDB has modification time of '2025-10-10T03:29:58.4581459Z' while content on disk has modification time of '2025-10-10T03:29:58.8606462Z'
Number of updated asset objects reloaded before import = 0Number of asset objects unloaded after import = 0

========================================================================
Received Import Request.
  Time since last request: 0.000020 seconds.
  path: Assets/models/Swat/Swat@Rifle Aiming Idle.fbm/Soldier_head_diffuse.png
  artifactKey: Guid(25cdebc21b2300240b1fbd3494d07830) Importer(815301076,1909f56bfc062723c751e8b465ee728b)
Start importing Assets/models/Swat/Swat@Rifle Aiming Idle.fbm/Soldier_head_diffuse.png using Guid(25cdebc21b2300240b1fbd3494d07830) Importer(815301076,1909f56bfc062723c751e8b465ee728b) (PreviewImporter) -> (artifact id: '00000000000000000000000000000000') in 0.0047971 seconds
Import Error Code:(4)
Message: Build asset version error: assets/models/swat/swat@rifle aiming idle.fbm/soldier_head_diffuse.png in SourceAssetDB has modification time of '2025-10-10T03:29:58.4581459Z' while content on disk has modification time of '2025-10-10T03:29:58.8606462Z'
  ERROR: Build asset version error: assets/models/swat/swat@rifle aiming idle.fbm/soldier_head_diffuse.png in SourceAssetDB has modification time of '2025-10-10T03:29:58.4581459Z' while content on disk has modification time of '2025-10-10T03:29:58.8606462Z'
Number of updated asset objects reloaded before import = 0Number of asset objects unloaded after import = 0

========================================================================
Received Import Request.
  Time since last request: 0.000011 seconds.
  path: Assets/models/Swat/Swat@Rifle Aiming Idle.fbm/Soldier_head_diffuse.png
  artifactKey: Guid(25cdebc21b2300240b1fbd3494d07830) Importer(815301076,1909f56bfc062723c751e8b465ee728b)
Start importing Assets/models/Swat/Swat@Rifle Aiming Idle.fbm/Soldier_head_diffuse.png using Guid(25cdebc21b2300240b1fbd3494d07830) Importer(815301076,1909f56bfc062723c751e8b465ee728b) (PreviewImporter) -> (artifact id: '00000000000000000000000000000000') in 0.0042166 seconds
Import Error Code:(4)
Message: Build asset version error: assets/models/swat/swat@rifle aiming idle.fbm/soldier_head_diffuse.png in SourceAssetDB has modification time of '2025-10-10T03:29:58.4581459Z' while content on disk has modification time of '2025-10-10T03:29:58.8606462Z'
  ERROR: Build asset version error: assets/models/swat/swat@rifle aiming idle.fbm/soldier_head_diffuse.png in SourceAssetDB has modification time of '2025-10-10T03:29:58.4581459Z' while content on disk has modification time of '2025-10-10T03:29:58.8606462Z'
Number of updated asset objects reloaded before import = 0Number of asset objects unloaded after import = 0

========================================================================
Received Import Request.
  Time since last request: 0.000012 seconds.
  path: Assets/models/Swat/Swat@Rifle Aiming Idle.fbm/Soldier_head_diffuse.png
  artifactKey: Guid(25cdebc21b2300240b1fbd3494d07830) Importer(815301076,1909f56bfc062723c751e8b465ee728b)
Start importing Assets/models/Swat/Swat@Rifle Aiming Idle.fbm/Soldier_head_diffuse.png using Guid(25cdebc21b2300240b1fbd3494d07830) Importer(815301076,1909f56bfc062723c751e8b465ee728b) (PreviewImporter) -> (artifact id: '00000000000000000000000000000000') in 0.0041582 seconds
Import Error Code:(4)
Message: Build asset version error: assets/models/swat/swat@rifle aiming idle.fbm/soldier_head_diffuse.png in SourceAssetDB has modification time of '2025-10-10T03:29:58.4581459Z' while content on disk has modification time of '2025-10-10T03:29:58.8606462Z'
  ERROR: Build asset version error: assets/models/swat/swat@rifle aiming idle.fbm/soldier_head_diffuse.png in SourceAssetDB has modification time of '2025-10-10T03:29:58.4581459Z' while content on disk has modification time of '2025-10-10T03:29:58.8606462Z'
Number of updated asset objects reloaded before import = 0Number of asset objects unloaded after import = 0

========================================================================
Received Import Request.
  Time since last request: 0.000012 seconds.
  path: Assets/models/Swat/Swat@Rifle Aiming Idle.fbm/Soldier_head_diffuse.png
  artifactKey: Guid(25cdebc21b2300240b1fbd3494d07830) Importer(815301076,1909f56bfc062723c751e8b465ee728b)
Start importing Assets/models/Swat/Swat@Rifle Aiming Idle.fbm/Soldier_head_diffuse.png using Guid(25cdebc21b2300240b1fbd3494d07830) Importer(815301076,1909f56bfc062723c751e8b465ee728b) (PreviewImporter) -> (artifact id: '00000000000000000000000000000000') in 0.0046477 seconds
Import Error Code:(4)
Message: Build asset version error: assets/models/swat/swat@rifle aiming idle.fbm/soldier_head_diffuse.png in SourceAssetDB has modification time of '2025-10-10T03:29:58.4581459Z' while content on disk has modification time of '2025-10-10T03:29:58.8606462Z'
  ERROR: Build asset version error: assets/models/swat/swat@rifle aiming idle.fbm/soldier_head_diffuse.png in SourceAssetDB has modification time of '2025-10-10T03:29:58.4581459Z' while content on disk has modification time of '2025-10-10T03:29:58.8606462Z'
Number of updated asset objects reloaded before import = 0Number of asset objects unloaded after import = 0

========================================================================
Received Import Request.
  Time since last request: 0.000011 seconds.
  path: Assets/models/Swat/Swat@Rifle Aiming Idle.fbm/Soldier_head_diffuse.png
  artifactKey: Guid(25cdebc21b2300240b1fbd3494d07830) Importer(815301076,1909f56bfc062723c751e8b465ee728b)
Start importing Assets/models/Swat/Swat@Rifle Aiming Idle.fbm/Soldier_head_diffuse.png using Guid(25cdebc21b2300240b1fbd3494d07830) Importer(815301076,1909f56bfc062723c751e8b465ee728b) (PreviewImporter) -> (artifact id: '00000000000000000000000000000000') in 0.0041524 seconds
Import Error Code:(4)
Message: Build asset version error: assets/models/swat/swat@rifle aiming idle.fbm/soldier_head_diffuse.png in SourceAssetDB has modification time of '2025-10-10T03:29:58.4581459Z' while content on disk has modification time of '2025-10-10T03:29:58.8606462Z'
  ERROR: Build asset version error: assets/models/swat/swat@rifle aiming idle.fbm/soldier_head_diffuse.png in SourceAssetDB has modification time of '2025-10-10T03:29:58.4581459Z' while content on disk has modification time of '2025-10-10T03:29:58.8606462Z'
Number of updated asset objects reloaded before import = 0Number of asset objects unloaded after import = 0

========================================================================
Received Import Request.
  Time since last request: 0.000013 seconds.
  path: Assets/models/Swat/Swat@Rifle Aiming Idle.fbm/Soldier_head_diffuse.png
  artifactKey: Guid(25cdebc21b2300240b1fbd3494d07830) Importer(815301076,1909f56bfc062723c751e8b465ee728b)
Start importing Assets/models/Swat/Swat@Rifle Aiming Idle.fbm/Soldier_head_diffuse.png using Guid(25cdebc21b2300240b1fbd3494d07830) Importer(815301076,1909f56bfc062723c751e8b465ee728b) (PreviewImporter) -> (artifact id: '00000000000000000000000000000000') in 0.0043927 seconds
Import Error Code:(4)
Message: Build asset version error: assets/models/swat/swat@rifle aiming idle.fbm/soldier_head_diffuse.png in SourceAssetDB has modification time of '2025-10-10T03:29:58.4581459Z' while content on disk has modification time of '2025-10-10T03:29:58.8606462Z'
  ERROR: Build asset version error: assets/models/swat/swat@rifle aiming idle.fbm/soldier_head_diffuse.png in SourceAssetDB has modification time of '2025-10-10T03:29:58.4581459Z' while content on disk has modification time of '2025-10-10T03:29:58.8606462Z'
Number of updated asset objects reloaded before import = 0Number of asset objects unloaded after import = 0

========================================================================
Received Import Request.
  Time since last request: 0.000015 seconds.
  path: Assets/models/Swat/Swat@Rifle Aiming Idle.fbm/Soldier_head_diffuse.png
  artifactKey: Guid(25cdebc21b2300240b1fbd3494d07830) Importer(815301076,1909f56bfc062723c751e8b465ee728b)
Start importing Assets/models/Swat/Swat@Rifle Aiming Idle.fbm/Soldier_head_diffuse.png using Guid(25cdebc21b2300240b1fbd3494d07830) Importer(815301076,1909f56bfc062723c751e8b465ee728b) (PreviewImporter) -> (artifact id: '00000000000000000000000000000000') in 0.0050497 seconds
Import Error Code:(4)
Message: Build asset version error: assets/models/swat/swat@rifle aiming idle.fbm/soldier_head_diffuse.png in SourceAssetDB has modification time of '2025-10-10T03:29:58.4581459Z' while content on disk has modification time of '2025-10-10T03:29:58.8606462Z'
  ERROR: Build asset version error: assets/models/swat/swat@rifle aiming idle.fbm/soldier_head_diffuse.png in SourceAssetDB has modification time of '2025-10-10T03:29:58.4581459Z' while content on disk has modification time of '2025-10-10T03:29:58.8606462Z'
Number of updated asset objects reloaded before import = 0Number of asset objects unloaded after import = 0

========================================================================
Received Import Request.
  Time since last request: 0.000020 seconds.
  path: Assets/models/Swat/Swat@Rifle Aiming Idle.fbm/Soldier_head_diffuse.png
  artifactKey: Guid(25cdebc21b2300240b1fbd3494d07830) Importer(815301076,1909f56bfc062723c751e8b465ee728b)
Start importing Assets/models/Swat/Swat@Rifle Aiming Idle.fbm/Soldier_head_diffuse.png using Guid(25cdebc21b2300240b1fbd3494d07830) Importer(815301076,1909f56bfc062723c751e8b465ee728b) (PreviewImporter) -> (artifact id: '00000000000000000000000000000000') in 0.0040794 seconds
Import Error Code:(4)
Message: Build asset version error: assets/models/swat/swat@rifle aiming idle.fbm/soldier_head_diffuse.png in SourceAssetDB has modification time of '2025-10-10T03:29:58.4581459Z' while content on disk has modification time of '2025-10-10T03:29:58.8606462Z'
  ERROR: Build asset version error: assets/models/swat/swat@rifle aiming idle.fbm/soldier_head_diffuse.png in SourceAssetDB has modification time of '2025-10-10T03:29:58.4581459Z' while content on disk has modification time of '2025-10-10T03:29:58.8606462Z'
Number of updated asset objects reloaded before import = 0Number of asset objects unloaded after import = 0

========================================================================
Received Import Request.
  Time since last request: 0.000011 seconds.
  path: Assets/models/Swat/Swat@Rifle Aiming Idle.fbm/Soldier_Body_specular.png
  artifactKey: Guid(d7c37d25d3522ae4388060cc448cff26) Importer(815301076,1909f56bfc062723c751e8b465ee728b)
Start importing Assets/models/Swat/Swat@Rifle Aiming Idle.fbm/Soldier_Body_specular.png using Guid(d7c37d25d3522ae4388060cc448cff26) Importer(815301076,1909f56bfc062723c751e8b465ee728b) (PreviewImporter) -> (artifact id: '00000000000000000000000000000000') in 0.0051149 seconds
Import Error Code:(4)
Message: Build asset version error: assets/models/swat/swat@rifle aiming idle.fbm/soldier_body_specular.png in SourceAssetDB has modification time of '2025-10-10T03:29:58.341289Z' while content on disk has modification time of '2025-10-10T03:29:58.8616457Z'
  ERROR: Build asset version error: assets/models/swat/swat@rifle aiming idle.fbm/soldier_body_specular.png in SourceAssetDB has modification time of '2025-10-10T03:29:58.341289Z' while content on disk has modification time of '2025-10-10T03:29:58.8616457Z'
Number of updated asset objects reloaded before import = 0Number of asset objects unloaded after import = 0

========================================================================
Received Import Request.
  Time since last request: 0.000011 seconds.
  path: Assets/models/Swat/Swat@Rifle Aiming Idle.fbm/Soldier_head_diffuse.png
  artifactKey: Guid(25cdebc21b2300240b1fbd3494d07830) Importer(815301076,1909f56bfc062723c751e8b465ee728b)
Start importing Assets/models/Swat/Swat@Rifle Aiming Idle.fbm/Soldier_head_diffuse.png using Guid(25cdebc21b2300240b1fbd3494d07830) Importer(815301076,1909f56bfc062723c751e8b465ee728b) (PreviewImporter) -> (artifact id: '00000000000000000000000000000000') in 0.0045135 seconds
Import Error Code:(4)
Message: Build asset version error: assets/models/swat/swat@rifle aiming idle.fbm/soldier_head_diffuse.png in SourceAssetDB has modification time of '2025-10-10T03:29:58.4581459Z' while content on disk has modification time of '2025-10-10T03:29:58.8606462Z'
  ERROR: Build asset version error: assets/models/swat/swat@rifle aiming idle.fbm/soldier_head_diffuse.png in SourceAssetDB has modification time of '2025-10-10T03:29:58.4581459Z' while content on disk has modification time of '2025-10-10T03:29:58.8606462Z'
Number of updated asset objects reloaded before import = 0Number of asset objects unloaded after import = 0

========================================================================
Received Import Request.
  Time since last request: 0.000011 seconds.
  path: Assets/models/Swat/Swat@Rifle Aiming Idle.fbm/Soldier_head_specular.png
  artifactKey: Guid(87bbbc18518918640a8b3dcca516bd84) Importer(815301076,1909f56bfc062723c751e8b465ee728b)
Start importing Assets/models/Swat/Swat@Rifle Aiming Idle.fbm/Soldier_head_specular.png using Guid(87bbbc18518918640a8b3dcca516bd84) Importer(815301076,1909f56bfc062723c751e8b465ee728b) (PreviewImporter) -> (artifact id: '00000000000000000000000000000000') in 0.005691 seconds
Import Error Code:(4)
Message: Build asset version error: assets/models/swat/swat@rifle aiming idle.fbm/soldier_head_specular.png in SourceAssetDB has modification time of '2025-10-10T03:29:58.3418011Z' while content on disk has modification time of '2025-10-10T03:29:58.8616457Z'
  ERROR: Build asset version error: assets/models/swat/swat@rifle aiming idle.fbm/soldier_head_specular.png in SourceAssetDB has modification time of '2025-10-10T03:29:58.3418011Z' while content on disk has modification time of '2025-10-10T03:29:58.8616457Z'
Number of updated asset objects reloaded before import = 0Number of asset objects unloaded after import = 0

========================================================================
Received Import Request.
  Time since last request: 0.000012 seconds.
  path: Assets/models/Swat/Swat@Rifle Aiming Idle.fbm/Soldier_Body_specular.png
  artifactKey: Guid(d7c37d25d3522ae4388060cc448cff26) Importer(815301076,1909f56bfc062723c751e8b465ee728b)
Start importing Assets/models/Swat/Swat@Rifle Aiming Idle.fbm/Soldier_Body_specular.png using Guid(d7c37d25d3522ae4388060cc448cff26) Importer(815301076,1909f56bfc062723c751e8b465ee728b) (PreviewImporter) -> (artifact id: '00000000000000000000000000000000') in 0.0053551 seconds
Import Error Code:(4)
Message: Build asset version error: assets/models/swat/swat@rifle aiming idle.fbm/soldier_body_specular.png in SourceAssetDB has modification time of '2025-10-10T03:29:58.341289Z' while content on disk has modification time of '2025-10-10T03:29:58.8616457Z'
  ERROR: Build asset version error: assets/models/swat/swat@rifle aiming idle.fbm/soldier_body_specular.png in SourceAssetDB has modification time of '2025-10-10T03:29:58.341289Z' while content on disk has modification time of '2025-10-10T03:29:58.8616457Z'
Number of updated asset objects reloaded before import = 0Number of asset objects unloaded after import = 0

========================================================================
Received Import Request.
  Time since last request: 0.000012 seconds.
  path: Assets/models/Swat/Swat@Rifle Aiming Idle.fbm/Soldier_head_diffuse.png
  artifactKey: Guid(25cdebc21b2300240b1fbd3494d07830) Importer(815301076,1909f56bfc062723c751e8b465ee728b)
Start importing Assets/models/Swat/Swat@Rifle Aiming Idle.fbm/Soldier_head_diffuse.png using Guid(25cdebc21b2300240b1fbd3494d07830) Importer(815301076,1909f56bfc062723c751e8b465ee728b) (PreviewImporter) -> (artifact id: '00000000000000000000000000000000') in 0.0044166 seconds
Import Error Code:(4)
Message: Build asset version error: assets/models/swat/swat@rifle aiming idle.fbm/soldier_head_diffuse.png in SourceAssetDB has modification time of '2025-10-10T03:29:58.4581459Z' while content on disk has modification time of '2025-10-10T03:29:58.8606462Z'
  ERROR: Build asset version error: assets/models/swat/swat@rifle aiming idle.fbm/soldier_head_diffuse.png in SourceAssetDB has modification time of '2025-10-10T03:29:58.4581459Z' while content on disk has modification time of '2025-10-10T03:29:58.8606462Z'
Number of updated asset objects reloaded before import = 0Number of asset objects unloaded after import = 0

========================================================================
Received Import Request.
  Time since last request: 0.335674 seconds.
  path: Assets/models/Swat/Swat@Rifle Aiming Idle.fbm/Soldier_head_diffuse.png
  artifactKey: Guid(25cdebc21b2300240b1fbd3494d07830) Importer(815301076,1909f56bfc062723c751e8b465ee728b)
Start importing Assets/models/Swat/Swat@Rifle Aiming Idle.fbm/Soldier_head_diffuse.png using Guid(25cdebc21b2300240b1fbd3494d07830) Importer(815301076,1909f56bfc062723c751e8b465ee728b) (PreviewImporter) -> (artifact id: '00000000000000000000000000000000') in 0.0042814 seconds
Import Error Code:(4)
Message: Build asset version error: assets/models/swat/swat@rifle aiming idle.fbm/soldier_head_diffuse.png in SourceAssetDB has modification time of '2025-10-10T03:29:58.4581459Z' while content on disk has modification time of '2025-10-10T03:29:58.8606462Z'
  ERROR: Build asset version error: assets/models/swat/swat@rifle aiming idle.fbm/soldier_head_diffuse.png in SourceAssetDB has modification time of '2025-10-10T03:29:58.4581459Z' while content on disk has modification time of '2025-10-10T03:29:58.8606462Z'
Number of updated asset objects reloaded before import = 0Number of asset objects unloaded after import = 0

========================================================================
Received Import Request.
  Time since last request: 0.000013 seconds.
  path: Assets/models/Swat/Swat@Rifle Aiming Idle.fbm/Soldier_head_diffuse.png
  artifactKey: Guid(25cdebc21b2300240b1fbd3494d07830) Importer(815301076,1909f56bfc062723c751e8b465ee728b)
Start importing Assets/models/Swat/Swat@Rifle Aiming Idle.fbm/Soldier_head_diffuse.png using Guid(25cdebc21b2300240b1fbd3494d07830) Importer(815301076,1909f56bfc062723c751e8b465ee728b) (PreviewImporter) -> (artifact id: '00000000000000000000000000000000') in 0.004353 seconds
Import Error Code:(4)
Message: Build asset version error: assets/models/swat/swat@rifle aiming idle.fbm/soldier_head_diffuse.png in SourceAssetDB has modification time of '2025-10-10T03:29:58.4581459Z' while content on disk has modification time of '2025-10-10T03:29:58.8606462Z'
  ERROR: Build asset version error: assets/models/swat/swat@rifle aiming idle.fbm/soldier_head_diffuse.png in SourceAssetDB has modification time of '2025-10-10T03:29:58.4581459Z' while content on disk has modification time of '2025-10-10T03:29:58.8606462Z'
Number of updated asset objects reloaded before import = 0Number of asset objects unloaded after import = 0

========================================================================
Received Import Request.
  Time since last request: 0.000013 seconds.
  path: Assets/models/Swat/Swat@Rifle Aiming Idle.fbm/Soldier_head_diffuse.png
  artifactKey: Guid(25cdebc21b2300240b1fbd3494d07830) Importer(815301076,1909f56bfc062723c751e8b465ee728b)
Start importing Assets/models/Swat/Swat@Rifle Aiming Idle.fbm/Soldier_head_diffuse.png using Guid(25cdebc21b2300240b1fbd3494d07830) Importer(815301076,1909f56bfc062723c751e8b465ee728b) (PreviewImporter) -> (artifact id: '00000000000000000000000000000000') in 0.005086 seconds
Import Error Code:(4)
Message: Build asset version error: assets/models/swat/swat@rifle aiming idle.fbm/soldier_head_diffuse.png in SourceAssetDB has modification time of '2025-10-10T03:29:58.4581459Z' while content on disk has modification time of '2025-10-10T03:29:58.8606462Z'
  ERROR: Build asset version error: assets/models/swat/swat@rifle aiming idle.fbm/soldier_head_diffuse.png in SourceAssetDB has modification time of '2025-10-10T03:29:58.4581459Z' while content on disk has modification time of '2025-10-10T03:29:58.8606462Z'
Number of updated asset objects reloaded before import = 0Number of asset objects unloaded after import = 0

========================================================================
Received Prepare
Assembly reference Packages/com.unity.cinemachine/Editor/Samples/ExposeHDRPInternals/HDRP-Editor-ref.asmref has no target assembly definition
Assembly reference Packages/com.unity.cinemachine/Editor/Samples/ExposeHDRPInternals/HDRP-Editor-ref.asmref has no target assembly definition
Begin MonoManager ReloadAssembly
[Licensing::Client] Successfully resolved entitlement details
- Loaded All Assemblies, in  0.559 seconds
Assembly reference Packages/com.unity.cinemachine/Editor/Samples/ExposeHDRPInternals/HDRP-Editor-ref.asmref has no target assembly definition
'Packages/com.unity.cinemachine/Editor/Obsolete/CinemachineVirtualCameraBaseEditor.cs' contains partial class of Unity.Object, exactly 1 of the partial classes needs to be in a file with the same filename. This is to know the one that can be referenced from ie. GameObjects
'Packages/com.unity.cinemachine/Editor/Editors/CinemachineVirtualCameraBaseEditor.cs' contains partial class of Unity.Object, exactly 1 of the partial classes needs to be in a file with the same filename. This is to know the one that can be referenced from ie. GameObjects
Refreshing native plugins compatible for Editor in 1.03 ms, found 4 plugins.
Native extension for LinuxStandalone target not found
Native extension for UWP target not found
Native extension for WindowsStandalone target not found
Native extension for WebGL target not found
Assembly reference Packages/com.unity.cinemachine/Editor/Samples/ExposeHDRPInternals/HDRP-Editor-ref.asmref has no target assembly definition
[MODES] ModeService[none].Initialize
[MODES] ModeService[none].LoadModes
[Package Manager] Failed to launch server process. Reason: Unity was launched with the -noUpm command-line argument
[Package Manager] Unable to send message (not connected to server process).
[Package Manager] Cannot connect to Unity Package Manager local server
[Package Manager] Failed to launch server process. Reason: Unity was launched with the -noUpm command-line argument
[Package Manager] Unable to send message (not connected to server process).
[Package Manager] Cannot connect to Unity Package Manager local server
Mono: successfully reloaded assembly
- Finished resetting the current domain, in  0.768 seconds
Domain Reload Profiling: 1327ms
	BeginReloadAssembly (165ms)
		ExecutionOrderSort (0ms)
		DisableScriptedObjects (4ms)
		BackupInstance (0ms)
		ReleaseScriptingObjects (0ms)
		CreateAndSetChildDomain (61ms)
	RebuildCommonClasses (21ms)
	RebuildNativeTypeToScriptingClass (8ms)
	initialDomainReloadingComplete (23ms)
	LoadAllAssembliesAndSetupDomain (341ms)
		LoadAssemblies (263ms)
		RebuildTransferFunctionScriptingTraits (0ms)
		AnalyzeDomain (134ms)
			TypeCache.Refresh (5ms)
				TypeCache.ScanAssembly (0ms)
			BuildScriptInfoCaches (118ms)
			ResolveRequiredComponents (8ms)
	FinalizeReload (768ms)
		ReleaseScriptCaches (0ms)
		RebuildScriptCaches (0ms)
		SetupLoadedEditorAssemblies (660ms)
			LogAssemblyErrors (0ms)
			InitializePlatformSupportModulesInManaged (2ms)
			SetLoadedEditorAssemblies (4ms)
			BeforeProcessingInitializeOnLoad (128ms)
			ProcessInitializeOnLoadAttributes (485ms)
			ProcessInitializeOnLoadMethodAttributes (35ms)
			AfterProcessingInitializeOnLoad (5ms)
			EditorAssembliesLoaded (0ms)
		ExecutionOrderSort2 (0ms)
		AwakeInstancesAfterBackupRestoration (11ms)
WARNING: Shader Unsupported: 'Hidden/Builtin_TerrainVisualization' - All subshaders removed
WARNING: Shader Did you use #pragma only_renderers and omit this platform?
WARNING: Shader If subshaders removal was intentional, you may have forgotten turning Fallback off?
WARNING: Shader Unsupported: 'Hidden/Builtin_TerrainVisualization' - All subshaders removed
WARNING: Shader Did you use #pragma only_renderers and omit this platform?
WARNING: Shader If subshaders removal was intentional, you may have forgotten turning Fallback off?
Refreshing native plugins compatible for Editor in 1.45 ms, found 4 plugins.
Preloading 0 native plugins for Editor in 0.00 ms.
Unloading 29 Unused Serialized files (Serialized files now loaded: 0)
Unloading 7484 unused Assets / (7.0 MB). Loaded Objects now: 8276.
Memory consumption went from 156.5 MB to 149.5 MB.
Total: 8.928200 ms (FindLiveObjects: 0.779300 ms CreateObjectMapping: 0.270600 ms MarkObjects: 4.874100 ms  DeleteObjects: 3.003100 ms)

Prepare: number of updated asset objects reloaded= 0
========================================================================
Received Import Request.
  Time since last request: 370.260878 seconds.
  path: Assets/models/Swat/Swat@Rifle Aiming Idle.fbm/Soldier_Body_specular.png
  artifactKey: Guid(d7c37d25d3522ae4388060cc448cff26) Importer(815301076,1909f56bfc062723c751e8b465ee728b)
Start importing Assets/models/Swat/Swat@Rifle Aiming Idle.fbm/Soldier_Body_specular.png using Guid(d7c37d25d3522ae4388060cc448cff26) Importer(815301076,1909f56bfc062723c751e8b465ee728b) (PreviewImporter) -> (artifact id: '5a7eee92f3e5aacf48876c97a7f444c1') in 0.0361505 seconds
Number of updated asset objects reloaded before import = 0Number of asset objects unloaded after import = 2

========================================================================
Received Import Request.
  Time since last request: 0.000015 seconds.
  path: Assets/models/Swat/Swat@Rifle Aiming Idle.fbm/Soldier_head_specular.png
  artifactKey: Guid(87bbbc18518918640a8b3dcca516bd84) Importer(815301076,1909f56bfc062723c751e8b465ee728b)
Start importing Assets/models/Swat/Swat@Rifle Aiming Idle.fbm/Soldier_head_specular.png using Guid(87bbbc18518918640a8b3dcca516bd84) Importer(815301076,1909f56bfc062723c751e8b465ee728b) (PreviewImporter) -> (artifact id: '7829d95af26521776de70d8e91f9ae27') in 0.0051502 seconds
Number of updated asset objects reloaded before import = 0Number of asset objects unloaded after import = 2

========================================================================
Received Prepare
Assembly reference Packages/com.unity.cinemachine/Editor/Samples/ExposeHDRPInternals/HDRP-Editor-ref.asmref has no target assembly definition
Assembly reference Packages/com.unity.cinemachine/Editor/Samples/ExposeHDRPInternals/HDRP-Editor-ref.asmref has no target assembly definition
Begin MonoManager ReloadAssembly
[Licensing::Client] Successfully resolved entitlement details
- Loaded All Assemblies, in  0.560 seconds
Assembly reference Packages/com.unity.cinemachine/Editor/Samples/ExposeHDRPInternals/HDRP-Editor-ref.asmref has no target assembly definition
'Packages/com.unity.cinemachine/Editor/Obsolete/CinemachineVirtualCameraBaseEditor.cs' contains partial class of Unity.Object, exactly 1 of the partial classes needs to be in a file with the same filename. This is to know the one that can be referenced from ie. GameObjects
'Packages/com.unity.cinemachine/Editor/Editors/CinemachineVirtualCameraBaseEditor.cs' contains partial class of Unity.Object, exactly 1 of the partial classes needs to be in a file with the same filename. This is to know the one that can be referenced from ie. GameObjects
Refreshing native plugins compatible for Editor in 1.67 ms, found 4 plugins.
Native extension for LinuxStandalone target not found
Native extension for UWP target not found
Native extension for WindowsStandalone target not found
Native extension for WebGL target not found
Assembly reference Packages/com.unity.cinemachine/Editor/Samples/ExposeHDRPInternals/HDRP-Editor-ref.asmref has no target assembly definition
[MODES] ModeService[none].Initialize
[MODES] ModeService[none].LoadModes
[Package Manager] Failed to launch server process. Reason: Unity was launched with the -noUpm command-line argument
[Package Manager] Unable to send message (not connected to server process).
[Package Manager] Cannot connect to Unity Package Manager local server
[Package Manager] Failed to launch server process. Reason: Unity was launched with the -noUpm command-line argument
[Package Manager] Unable to send message (not connected to server process).
[Package Manager] Cannot connect to Unity Package Manager local server
Mono: successfully reloaded assembly
- Finished resetting the current domain, in  0.752 seconds
Domain Reload Profiling: 1312ms
	BeginReloadAssembly (158ms)
		ExecutionOrderSort (0ms)
		DisableScriptedObjects (4ms)
		BackupInstance (0ms)
		ReleaseScriptingObjects (0ms)
		CreateAndSetChildDomain (48ms)
	RebuildCommonClasses (24ms)
	RebuildNativeTypeToScriptingClass (8ms)
	initialDomainReloadingComplete (19ms)
	LoadAllAssembliesAndSetupDomain (350ms)
		LoadAssemblies (277ms)
		RebuildTransferFunctionScriptingTraits (0ms)
		AnalyzeDomain (134ms)
			TypeCache.Refresh (8ms)
				TypeCache.ScanAssembly (1ms)
			BuildScriptInfoCaches (115ms)
			ResolveRequiredComponents (8ms)
	FinalizeReload (753ms)
		ReleaseScriptCaches (0ms)
		RebuildScriptCaches (0ms)
		SetupLoadedEditorAssemblies (646ms)
			LogAssemblyErrors (0ms)
			InitializePlatformSupportModulesInManaged (2ms)
			SetLoadedEditorAssemblies (3ms)
			BeforeProcessingInitializeOnLoad (128ms)
			ProcessInitializeOnLoadAttributes (477ms)
			ProcessInitializeOnLoadMethodAttributes (32ms)
			AfterProcessingInitializeOnLoad (4ms)
			EditorAssembliesLoaded (0ms)
		ExecutionOrderSort2 (0ms)
		AwakeInstancesAfterBackupRestoration (14ms)
WARNING: Shader Unsupported: 'Hidden/Builtin_TerrainVisualization' - All subshaders removed
WARNING: Shader Did you use #pragma only_renderers and omit this platform?
WARNING: Shader If subshaders removal was intentional, you may have forgotten turning Fallback off?
WARNING: Shader Unsupported: 'Hidden/Builtin_TerrainVisualization' - All subshaders removed
WARNING: Shader Did you use #pragma only_renderers and omit this platform?
WARNING: Shader If subshaders removal was intentional, you may have forgotten turning Fallback off?
Refreshing native plugins compatible for Editor in 1.22 ms, found 4 plugins.
Preloading 0 native plugins for Editor in 0.00 ms.
Unloading 29 Unused Serialized files (Serialized files now loaded: 0)
Unloading 7490 unused Assets / (6.9 MB). Loaded Objects now: 8286.
Memory consumption went from 156.6 MB to 149.7 MB.
Total: 9.343100 ms (FindLiveObjects: 0.822500 ms CreateObjectMapping: 0.313200 ms MarkObjects: 4.965000 ms  DeleteObjects: 3.241500 ms)

Prepare: number of updated asset objects reloaded= 0
========================================================================
Received Prepare
Assembly reference Packages/com.unity.cinemachine/Editor/Samples/ExposeHDRPInternals/HDRP-Editor-ref.asmref has no target assembly definition
Assembly reference Packages/com.unity.cinemachine/Editor/Samples/ExposeHDRPInternals/HDRP-Editor-ref.asmref has no target assembly definition
Begin MonoManager ReloadAssembly
- Loaded All Assemblies, in  0.543 seconds
Assembly reference Packages/com.unity.cinemachine/Editor/Samples/ExposeHDRPInternals/HDRP-Editor-ref.asmref has no target assembly definition
'Packages/com.unity.cinemachine/Editor/Obsolete/CinemachineVirtualCameraBaseEditor.cs' contains partial class of Unity.Object, exactly 1 of the partial classes needs to be in a file with the same filename. This is to know the one that can be referenced from ie. GameObjects
'Packages/com.unity.cinemachine/Editor/Editors/CinemachineVirtualCameraBaseEditor.cs' contains partial class of Unity.Object, exactly 1 of the partial classes needs to be in a file with the same filename. This is to know the one that can be referenced from ie. GameObjects
Refreshing native plugins compatible for Editor in 1.49 ms, found 4 plugins.
Native extension for LinuxStandalone target not found
Native extension for UWP target not found
Native extension for WindowsStandalone target not found
Native extension for WebGL target not found
Assembly reference Packages/com.unity.cinemachine/Editor/Samples/ExposeHDRPInternals/HDRP-Editor-ref.asmref has no target assembly definition
[MODES] ModeService[none].Initialize
[MODES] ModeService[none].LoadModes
[Package Manager] Failed to launch server process. Reason: Unity was launched with the -noUpm command-line argument
[Package Manager] Unable to send message (not connected to server process).
[Package Manager] Cannot connect to Unity Package Manager local server
[Package Manager] Failed to launch server process. Reason: Unity was launched with the -noUpm command-line argument
[Package Manager] Unable to send message (not connected to server process).
[Package Manager] Cannot connect to Unity Package Manager local server
Mono: successfully reloaded assembly
- Finished resetting the current domain, in  0.760 seconds
Domain Reload Profiling: 1304ms
	BeginReloadAssembly (149ms)
		ExecutionOrderSort (0ms)
		DisableScriptedObjects (4ms)
		BackupInstance (0ms)
		ReleaseScriptingObjects (0ms)
		CreateAndSetChildDomain (43ms)
	RebuildCommonClasses (23ms)
	RebuildNativeTypeToScriptingClass (8ms)
	initialDomainReloadingComplete (20ms)
	LoadAllAssembliesAndSetupDomain (342ms)
		LoadAssemblies (270ms)
		RebuildTransferFunctionScriptingTraits (0ms)
		AnalyzeDomain (131ms)
			TypeCache.Refresh (4ms)
				TypeCache.ScanAssembly (0ms)
			BuildScriptInfoCaches (114ms)
			ResolveRequiredComponents (8ms)
	FinalizeReload (761ms)
		ReleaseScriptCaches (0ms)
		RebuildScriptCaches (0ms)
		SetupLoadedEditorAssemblies (654ms)
			LogAssemblyErrors (0ms)
			InitializePlatformSupportModulesInManaged (2ms)
			SetLoadedEditorAssemblies (3ms)
			BeforeProcessingInitializeOnLoad (135ms)
			ProcessInitializeOnLoadAttributes (470ms)
			ProcessInitializeOnLoadMethodAttributes (38ms)
			AfterProcessingInitializeOnLoad (5ms)
			EditorAssembliesLoaded (0ms)
		ExecutionOrderSort2 (0ms)
		AwakeInstancesAfterBackupRestoration (13ms)
WARNING: Shader Unsupported: 'Hidden/Builtin_TerrainVisualization' - All subshaders removed
WARNING: Shader Did you use #pragma only_renderers and omit this platform?
WARNING: Shader If subshaders removal was intentional, you may have forgotten turning Fallback off?
WARNING: Shader Unsupported: 'Hidden/Builtin_TerrainVisualization' - All subshaders removed
WARNING: Shader Did you use #pragma only_renderers and omit this platform?
WARNING: Shader If subshaders removal was intentional, you may have forgotten turning Fallback off?
Refreshing native plugins compatible for Editor in 1.36 ms, found 4 plugins.
Preloading 0 native plugins for Editor in 0.00 ms.
Unloading 29 Unused Serialized files (Serialized files now loaded: 0)
Unloading 7490 unused Assets / (6.8 MB). Loaded Objects now: 8290.
Memory consumption went from 156.6 MB to 149.8 MB.
Total: 10.058700 ms (FindLiveObjects: 0.802200 ms CreateObjectMapping: 0.258500 ms MarkObjects: 5.820400 ms  DeleteObjects: 3.176900 ms)

Prepare: number of updated asset objects reloaded= 0
========================================================================
Received Prepare
Assembly reference Packages/com.unity.cinemachine/Editor/Samples/ExposeHDRPInternals/HDRP-Editor-ref.asmref has no target assembly definition
Assembly reference Packages/com.unity.cinemachine/Editor/Samples/ExposeHDRPInternals/HDRP-Editor-ref.asmref has no target assembly definition
Begin MonoManager ReloadAssembly
- Loaded All Assemblies, in  0.541 seconds
Assembly reference Packages/com.unity.cinemachine/Editor/Samples/ExposeHDRPInternals/HDRP-Editor-ref.asmref has no target assembly definition
'Packages/com.unity.cinemachine/Editor/Obsolete/CinemachineVirtualCameraBaseEditor.cs' contains partial class of Unity.Object, exactly 1 of the partial classes needs to be in a file with the same filename. This is to know the one that can be referenced from ie. GameObjects
'Packages/com.unity.cinemachine/Editor/Editors/CinemachineVirtualCameraBaseEditor.cs' contains partial class of Unity.Object, exactly 1 of the partial classes needs to be in a file with the same filename. This is to know the one that can be referenced from ie. GameObjects
Refreshing native plugins compatible for Editor in 1.37 ms, found 4 plugins.
Native extension for LinuxStandalone target not found
Native extension for UWP target not found
Native extension for WindowsStandalone target not found
Native extension for WebGL target not found
Assembly reference Packages/com.unity.cinemachine/Editor/Samples/ExposeHDRPInternals/HDRP-Editor-ref.asmref has no target assembly definition
[MODES] ModeService[none].Initialize
[MODES] ModeService[none].LoadModes
[Package Manager] Failed to launch server process. Reason: Unity was launched with the -noUpm command-line argument
[Package Manager] Unable to send message (not connected to server process).
[Package Manager] Cannot connect to Unity Package Manager local server
[Package Manager] Failed to launch server process. Reason: Unity was launched with the -noUpm command-line argument
[Package Manager] Unable to send message (not connected to server process).
[Package Manager] Cannot connect to Unity Package Manager local server
Mono: successfully reloaded assembly
- Finished resetting the current domain, in  0.773 seconds
Domain Reload Profiling: 1313ms
	BeginReloadAssembly (154ms)
		ExecutionOrderSort (0ms)
		DisableScriptedObjects (4ms)
		BackupInstance (0ms)
		ReleaseScriptingObjects (0ms)
		CreateAndSetChildDomain (46ms)
	RebuildCommonClasses (22ms)
	RebuildNativeTypeToScriptingClass (8ms)
	initialDomainReloadingComplete (20ms)
	LoadAllAssembliesAndSetupDomain (335ms)
		LoadAssemblies (266ms)
		RebuildTransferFunctionScriptingTraits (0ms)
		AnalyzeDomain (128ms)
			TypeCache.Refresh (5ms)
				TypeCache.ScanAssembly (0ms)
			BuildScriptInfoCaches (112ms)
			ResolveRequiredComponents (7ms)
	FinalizeReload (773ms)
		ReleaseScriptCaches (0ms)
		RebuildScriptCaches (0ms)
		SetupLoadedEditorAssemblies (666ms)
			LogAssemblyErrors (0ms)
			InitializePlatformSupportModulesInManaged (2ms)
			SetLoadedEditorAssemblies (3ms)
			BeforeProcessingInitializeOnLoad (125ms)
			ProcessInitializeOnLoadAttributes (494ms)
			ProcessInitializeOnLoadMethodAttributes (37ms)
			AfterProcessingInitializeOnLoad (5ms)
			EditorAssembliesLoaded (0ms)
		ExecutionOrderSort2 (0ms)
		AwakeInstancesAfterBackupRestoration (13ms)
WARNING: Shader Unsupported: 'Hidden/Builtin_TerrainVisualization' - All subshaders removed
WARNING: Shader Did you use #pragma only_renderers and omit this platform?
WARNING: Shader If subshaders removal was intentional, you may have forgotten turning Fallback off?
WARNING: Shader Unsupported: 'Hidden/Builtin_TerrainVisualization' - All subshaders removed
WARNING: Shader Did you use #pragma only_renderers and omit this platform?
WARNING: Shader If subshaders removal was intentional, you may have forgotten turning Fallback off?
Refreshing native plugins compatible for Editor in 1.85 ms, found 4 plugins.
Preloading 0 native plugins for Editor in 0.00 ms.
Unloading 29 Unused Serialized files (Serialized files now loaded: 0)
Unloading 7490 unused Assets / (7.6 MB). Loaded Objects now: 8294.
Memory consumption went from 156.7 MB to 149.1 MB.
Total: 9.926200 ms (FindLiveObjects: 0.836100 ms CreateObjectMapping: 0.285900 ms MarkObjects: 5.144900 ms  DeleteObjects: 3.658400 ms)

Prepare: number of updated asset objects reloaded= 0
========================================================================
Received Prepare
Assembly reference Packages/com.unity.cinemachine/Editor/Samples/ExposeHDRPInternals/HDRP-Editor-ref.asmref has no target assembly definition
Assembly reference Packages/com.unity.cinemachine/Editor/Samples/ExposeHDRPInternals/HDRP-Editor-ref.asmref has no target assembly definition
Begin MonoManager ReloadAssembly
[Licensing::Client] Successfully resolved entitlement details
- Loaded All Assemblies, in  0.544 seconds
Assembly reference Packages/com.unity.cinemachine/Editor/Samples/ExposeHDRPInternals/HDRP-Editor-ref.asmref has no target assembly definition
'Packages/com.unity.cinemachine/Editor/Obsolete/CinemachineVirtualCameraBaseEditor.cs' contains partial class of Unity.Object, exactly 1 of the partial classes needs to be in a file with the same filename. This is to know the one that can be referenced from ie. GameObjects
'Packages/com.unity.cinemachine/Editor/Editors/CinemachineVirtualCameraBaseEditor.cs' contains partial class of Unity.Object, exactly 1 of the partial classes needs to be in a file with the same filename. This is to know the one that can be referenced from ie. GameObjects
Refreshing native plugins compatible for Editor in 1.02 ms, found 4 plugins.
Native extension for LinuxStandalone target not found
Native extension for UWP target not found
Native extension for WindowsStandalone target not found
Native extension for WebGL target not found
Assembly reference Packages/com.unity.cinemachine/Editor/Samples/ExposeHDRPInternals/HDRP-Editor-ref.asmref has no target assembly definition
[MODES] ModeService[none].Initialize
[MODES] ModeService[none].LoadModes
[Package Manager] Failed to launch server process. Reason: Unity was launched with the -noUpm command-line argument
[Package Manager] Unable to send message (not connected to server process).
[Package Manager] Cannot connect to Unity Package Manager local server
[Package Manager] Failed to launch server process. Reason: Unity was launched with the -noUpm command-line argument
[Package Manager] Unable to send message (not connected to server process).
[Package Manager] Cannot connect to Unity Package Manager local server
Mono: successfully reloaded assembly
- Finished resetting the current domain, in  0.790 seconds
Domain Reload Profiling: 1336ms
	BeginReloadAssembly (151ms)
		ExecutionOrderSort (0ms)
		DisableScriptedObjects (5ms)
		BackupInstance (0ms)
		ReleaseScriptingObjects (0ms)
		CreateAndSetChildDomain (43ms)
	RebuildCommonClasses (22ms)
	RebuildNativeTypeToScriptingClass (8ms)
	initialDomainReloadingComplete (19ms)
	LoadAllAssembliesAndSetupDomain (344ms)
		LoadAssemblies (272ms)
		RebuildTransferFunctionScriptingTraits (0ms)
		AnalyzeDomain (131ms)
			TypeCache.Refresh (4ms)
				TypeCache.ScanAssembly (0ms)
			BuildScriptInfoCaches (110ms)
			ResolveRequiredComponents (12ms)
	FinalizeReload (791ms)
		ReleaseScriptCaches (0ms)
		RebuildScriptCaches (0ms)
		SetupLoadedEditorAssemblies (676ms)
			LogAssemblyErrors (0ms)
			InitializePlatformSupportModulesInManaged (2ms)
			SetLoadedEditorAssemblies (3ms)
			BeforeProcessingInitializeOnLoad (123ms)
			ProcessInitializeOnLoadAttributes (502ms)
			ProcessInitializeOnLoadMethodAttributes (36ms)
			AfterProcessingInitializeOnLoad (8ms)
			EditorAssembliesLoaded (0ms)
		ExecutionOrderSort2 (0ms)
		AwakeInstancesAfterBackupRestoration (13ms)
WARNING: Shader Unsupported: 'Hidden/Builtin_TerrainVisualization' - All subshaders removed
WARNING: Shader Did you use #pragma only_renderers and omit this platform?
WARNING: Shader If subshaders removal was intentional, you may have forgotten turning Fallback off?
WARNING: Shader Unsupported: 'Hidden/Builtin_TerrainVisualization' - All subshaders removed
WARNING: Shader Did you use #pragma only_renderers and omit this platform?
WARNING: Shader If subshaders removal was intentional, you may have forgotten turning Fallback off?
Refreshing native plugins compatible for Editor in 1.45 ms, found 4 plugins.
Preloading 0 native plugins for Editor in 0.00 ms.
Unloading 29 Unused Serialized files (Serialized files now loaded: 0)
Unloading 7490 unused Assets / (7.1 MB). Loaded Objects now: 8298.
Memory consumption went from 156.7 MB to 149.7 MB.
Total: 9.624700 ms (FindLiveObjects: 0.776400 ms CreateObjectMapping: 0.315200 ms MarkObjects: 4.947700 ms  DeleteObjects: 3.584600 ms)

Prepare: number of updated asset objects reloaded= 0
Editor requested this worker to shutdown with reason: Scaling down because of idle timeout
AssetImportWorker is now disconnected from the server
Process exiting
Exiting without the bug reporter. Application will terminate with return code 0