[Licensing::Module] Trying to connect to existing licensing client channel...
Built from '6000.2/respin/6000.2.7f1-2eb0c79396db' branch; Version is '6000.2.7f2 (2b518236b676) revision 2838914'; Using compiler version '194234433'; Build Type 'Release'
[Licensing::IpcConnector] Successfully connected to: "LicenseClient-paulorh" at "2025-10-10T00:16:10.321789Z"
OS: 'Windows 11  (10.0.26100) 64bit Professional' Language: 'pt' Physical Memory: 31879 MB
BatchMode: 1, IsHumanControllingUs: 0, StartBugReporterOnCrash: 0, Is64bit: 1
Date: 2025-10-10T00:16:10Z

COMMAND LINE ARGUMENTS:
C:\Program Files\Unity\Hub\Editor\6000.2.7f2\Editor\Unity.exe
-adb2
-batchMode
-noUpm
-name
AssetImportWorker4
-projectPath
C:/unity/projects/AirSoftGame
-logFile
Logs/AssetImportWorker4.log
-srvPort
53460
-job-worker-count
11
-background-job-worker-count
8
-gc-helper-count
1
-name
AssetImport
Successfully changed project path to: C:/unity/projects/AirSoftGame
C:/unity/projects/AirSoftGame
[UnityMemory] Configuration Parameters - Can be set up in boot.config
    "memorysetup-allocator-temp-initial-block-size-main=262144"
    "memorysetup-allocator-temp-initial-block-size-worker=262144"
    "memorysetup-bucket-allocator-granularity=16"
    "memorysetup-bucket-allocator-bucket-count=8"
    "memorysetup-bucket-allocator-block-size=33554432"
    "memorysetup-bucket-allocator-block-count=8"
    "memorysetup-main-allocator-block-size=16777216"
    "memorysetup-thread-allocator-block-size=16777216"
    "memorysetup-gfx-main-allocator-block-size=16777216"
    "memorysetup-gfx-thread-allocator-block-size=16777216"
    "memorysetup-cache-allocator-block-size=4194304"
    "memorysetup-typetree-allocator-block-size=2097152"
    "memorysetup-profiler-bucket-allocator-granularity=16"
    "memorysetup-profiler-bucket-allocator-bucket-count=8"
    "memorysetup-profiler-bucket-allocator-block-size=33554432"
    "memorysetup-profiler-bucket-allocator-block-count=8"
    "memorysetup-profiler-allocator-block-size=16777216"
    "memorysetup-profiler-editor-allocator-block-size=1048576"
    "memorysetup-temp-allocator-size-main=16777216"
    "memorysetup-job-temp-allocator-block-size=2097152"
    "memorysetup-job-temp-allocator-block-size-background=1048576"
    "memorysetup-job-temp-allocator-reduction-small-platforms=262144"
    "memorysetup-temp-allocator-size-background-worker=32768"
    "memorysetup-temp-allocator-size-job-worker=262144"
    "memorysetup-temp-allocator-size-preload-manager=33554432"
    "memorysetup-temp-allocator-size-nav-mesh-worker=65536"
    "memorysetup-temp-allocator-size-audio-worker=65536"
    "memorysetup-temp-allocator-size-cloud-worker=32768"
    "memorysetup-temp-allocator-size-gi-baking-worker=262144"
    "memorysetup-temp-allocator-size-gi-baking-worker=262144"
    "memorysetup-temp-allocator-size-gi-baking-worker=262144"
    "memorysetup-temp-allocator-size-gi-baking-worker=262144"
    "memorysetup-temp-allocator-size-gi-baking-worker=262144"
    "memorysetup-temp-allocator-size-gfx=262144"
Player connection [5488]  Target information:

Player connection [5488]  * "[IP] 192.168.0.4 [Port] 0 [Flags] 2 [Guid] 697956864 [EditorId] 697956864 [Version] 1048832 [Id] WindowsEditor(7,paulo-pc) [Debug] 1 [PackageName] WindowsEditor [ProjectName] Editor" 

Player connection [5488]  * "[IP] 172.20.0.1 [Port] 0 [Flags] 2 [Guid] 697956864 [EditorId] 697956864 [Version] 1048832 [Id] WindowsEditor(7,paulo-pc) [Debug] 1 [PackageName] WindowsEditor [ProjectName] Editor" 

Player connection [5488] Host joined multi-casting on [225.0.0.222:54997]...
Player connection [5488] Host joined alternative multi-casting on [225.0.0.222:34997]...
JobSystem: Creating JobQueue using job-worker-count value 11
Input System module state changed to: Initialized.
[Physics::Module] Initialized fallback backend.
[Physics::Module] Id: 0xdecafbad
[Licensing::Client] Code 10 while verifying Licensing Client signature (process Id: 28916, path: "C:/Program Files/Unity Hub/UnityLicensingClient_V1/Unity.Licensing.Client.exe")
[Licensing::Module] LicensingClient has failed validation; ignoring
[Licensing::Client] Handshaking with LicensingClient:
  Version:                 1.17.3+a4e98f1
  Session Id:              978c846827364b6faa1fda768d8acbde
  Correlation Id:          0982295f0b1aa75365c508c1cf125ab9
  External correlation Id: 5176629998187082130
  Machine Id:              6sp8raTFMxvUwLzOQlZIojDac2U=
[Licensing::Module] Successfully connected to LicensingClient on channel: "LicenseClient-paulorh" (connect: 0.00s, validation: 0.00s, handshake: 0.03s)
[Licensing::IpcConnector] Successfully connected to: "LicenseClient-paulorh-notifications" at "2025-10-10T00:16:10.3536921Z"
[Licensing::Module] Licensing Background thread has ended after 0.03s
Library Redirect Path: Library/
[Physics::Module] Selected backend.
[Physics::Module] Name: PhysX
[Physics::Module] Id: 0xf2b8ea05
[Physics::Module] SDK Version: 4.1.2
[Physics::Module] Integration Version: 1.0.0
[Physics::Module] Threading Mode: Multi-Threaded
Refreshing native plugins compatible for Editor in 1.39 ms, found 3 plugins.
Preloading 0 native plugins for Editor in 0.00 ms.
Initialize engine version: 6000.2.7f2 (2b518236b676)
[Subsystems] Discovering subsystems at path C:/Program Files/Unity/Hub/Editor/6000.2.7f2/Editor/Data/Resources/UnitySubsystems
[Subsystems] Discovering subsystems at path C:/unity/projects/AirSoftGame/Assets
GfxDevice: creating device client; kGfxThreadingModeNonThreaded
Direct3D:
    Version:  Direct3D 11.0 [level 11.1]
    Renderer: NVIDIA GeForce RTX 5060 Ti (ID=0x2d04)
    Vendor:   NVIDIA
    VRAM:     15962 MB
    Driver:   32.0.15.8129
Initialize mono
Mono path[0] = 'C:/Program Files/Unity/Hub/Editor/6000.2.7f2/Editor/Data/Managed'
Mono path[1] = 'C:/Program Files/Unity/Hub/Editor/6000.2.7f2/Editor/Data/MonoBleedingEdge/lib/mono/unityjit-win32'
Mono config path = 'C:/Program Files/Unity/Hub/Editor/6000.2.7f2/Editor/Data/MonoBleedingEdge/etc'
Using monoOptions --debugger-agent=transport=dt_socket,embedding=1,server=y,suspend=n,address=127.0.0.1:56800
Begin MonoManager ReloadAssembly
Registering precompiled unity dll's ...
Register platform support module: C:/Program Files/Unity/Hub/Editor/6000.2.7f2/Editor/Data/PlaybackEngines/WebGLSupport/UnityEditor.WebGL.Extensions.dll
Register platform support module: C:/Program Files/Unity/Hub/Editor/6000.2.7f2/Editor/Data/PlaybackEngines/WindowsStandaloneSupport/UnityEditor.WindowsStandalone.Extensions.dll
[Licensing::Client] Successfully resolved entitlement details
[Licensing::Module] License group:
  Id: 4673188508070-UnityPersXXXX
  Product: Unity Personal
  Type: Assigned
  Expiration: Unlimited
Register platform support module: C:/Program Files/Unity/Hub/Editor/6000.2.7f2/Editor/Data/PlaybackEngines/MetroSupport/UnityEditor.UWP.Extensions.dll
Register platform support module: C:/Program Files/Unity/Hub/Editor/6000.2.7f2/Editor/Data/PlaybackEngines/LinuxStandaloneSupport/UnityEditor.LinuxStandalone.Extensions.dll
Registered in 0.003133 seconds.
- Loaded All Assemblies, in  0.287 seconds
Native extension for LinuxStandalone target not found
Native extension for UWP target not found
Native extension for WindowsStandalone target not found
Native extension for WebGL target not found
Mono: successfully reloaded assembly
- Finished resetting the current domain, in  0.242 seconds
Domain Reload Profiling: 527ms
	BeginReloadAssembly (103ms)
		ExecutionOrderSort (0ms)
		DisableScriptedObjects (0ms)
		BackupInstance (0ms)
		ReleaseScriptingObjects (0ms)
		CreateAndSetChildDomain (1ms)
	RebuildCommonClasses (25ms)
	RebuildNativeTypeToScriptingClass (8ms)
	initialDomainReloadingComplete (34ms)
	LoadAllAssembliesAndSetupDomain (115ms)
		LoadAssemblies (100ms)
		RebuildTransferFunctionScriptingTraits (0ms)
		AnalyzeDomain (112ms)
			TypeCache.Refresh (111ms)
				TypeCache.ScanAssembly (102ms)
			BuildScriptInfoCaches (0ms)
			ResolveRequiredComponents (0ms)
	FinalizeReload (242ms)
		ReleaseScriptCaches (0ms)
		RebuildScriptCaches (0ms)
		SetupLoadedEditorAssemblies (214ms)
			LogAssemblyErrors (0ms)
			InitializePlatformSupportModulesInManaged (38ms)
			SetLoadedEditorAssemblies (3ms)
			BeforeProcessingInitializeOnLoad (47ms)
			ProcessInitializeOnLoadAttributes (90ms)
			ProcessInitializeOnLoadMethodAttributes (36ms)
			AfterProcessingInitializeOnLoad (0ms)
			EditorAssembliesLoaded (0ms)
		ExecutionOrderSort2 (0ms)
		AwakeInstancesAfterBackupRestoration (0ms)
========================================================================
Worker process is ready to serve import requests
Import Worker Mode flag is 0x00
Begin MonoManager ReloadAssembly
[Licensing::Client] Successfully resolved entitlement details
- Loaded All Assemblies, in  0.566 seconds
Refreshing native plugins compatible for Editor in 0.95 ms, found 3 plugins.
Native extension for LinuxStandalone target not found
Native extension for UWP target not found
Native extension for WindowsStandalone target not found
Native extension for WebGL target not found
Package Manager log level set to [2]
[Package Manager] Failed to launch server process. Reason: Unity was launched with the -noUpm command-line argument
[Package Manager] Unable to send message (not connected to server process).
[Package Manager] Cannot connect to Unity Package Manager local server
Mono: successfully reloaded assembly
- Finished resetting the current domain, in  0.657 seconds
Domain Reload Profiling: 1220ms
	BeginReloadAssembly (135ms)
		ExecutionOrderSort (0ms)
		DisableScriptedObjects (4ms)
		BackupInstance (0ms)
		ReleaseScriptingObjects (0ms)
		CreateAndSetChildDomain (27ms)
	RebuildCommonClasses (24ms)
	RebuildNativeTypeToScriptingClass (9ms)
	initialDomainReloadingComplete (28ms)
	LoadAllAssembliesAndSetupDomain (367ms)
		LoadAssemblies (291ms)
		RebuildTransferFunctionScriptingTraits (0ms)
		AnalyzeDomain (149ms)
			TypeCache.Refresh (111ms)
				TypeCache.ScanAssembly (103ms)
			BuildScriptInfoCaches (29ms)
			ResolveRequiredComponents (6ms)
	FinalizeReload (657ms)
		ReleaseScriptCaches (0ms)
		RebuildScriptCaches (0ms)
		SetupLoadedEditorAssemblies (525ms)
			LogAssemblyErrors (0ms)
			InitializePlatformSupportModulesInManaged (3ms)
			SetLoadedEditorAssemblies (3ms)
			BeforeProcessingInitializeOnLoad (126ms)
			ProcessInitializeOnLoadAttributes (357ms)
			ProcessInitializeOnLoadMethodAttributes (32ms)
			AfterProcessingInitializeOnLoad (4ms)
			EditorAssembliesLoaded (0ms)
		ExecutionOrderSort2 (0ms)
		AwakeInstancesAfterBackupRestoration (5ms)
Launched and connected shader compiler UnityShaderCompiler.exe after 0.02 seconds
Refreshing native plugins compatible for Editor in 1.17 ms, found 3 plugins.
Preloading 0 native plugins for Editor in 0.00 ms.
Unloading 13 Unused Serialized files (Serialized files now loaded: 0)
Unloading 6124 unused Assets / (4.2 MB). Loaded Objects now: 6818.
Memory consumption went from 134.7 MB to 130.5 MB.
Total: 8.005400 ms (FindLiveObjects: 0.778800 ms CreateObjectMapping: 0.244300 ms MarkObjects: 4.764800 ms  DeleteObjects: 2.216400 ms)

========================================================================
Received Import Request.
  Time since last request: 11100.874389 seconds.
  path: Assets/Prefabs
  artifactKey: Guid(b0c2549c39d74944ba6787279bdc2712) Importer(815301076,1909f56bfc062723c751e8b465ee728b)
Start importing Assets/Prefabs using Guid(b0c2549c39d74944ba6787279bdc2712) Importer(815301076,1909f56bfc062723c751e8b465ee728b) (PreviewImporter) -> (artifact id: '6dc87f8c34f4aa890e0dee23d1dd07ed') in 0.0030865 seconds
Number of updated asset objects reloaded before import = 0Number of asset objects unloaded after import = 0

========================================================================
Received Import Request.
  Time since last request: 1.011386 seconds.
  path: Assets/Prefabs
  artifactKey: Guid(b0c2549c39d74944ba6787279bdc2712) Importer(2089858483,192608db42251d675da83286b1cce702)
Start importing Assets/Prefabs using Guid(b0c2549c39d74944ba6787279bdc2712) Importer(2089858483,192608db42251d675da83286b1cce702) (ScriptedImporter) -> (artifact id: '752cab7269e139c0e38f7c5321e9f404') in 0.0803269 seconds
Number of updated asset objects reloaded before import = 0Number of asset objects unloaded after import = 1

========================================================================
Received Import Request.
  Time since last request: 5.848611 seconds.
  path: Assets/Materials
  artifactKey: Guid(ccd8e7e0086f1a64db4cee3bb4144b3c) Importer(815301076,1909f56bfc062723c751e8b465ee728b)
Start importing Assets/Materials using Guid(ccd8e7e0086f1a64db4cee3bb4144b3c) Importer(815301076,1909f56bfc062723c751e8b465ee728b) (PreviewImporter) -> (artifact id: '1019993db73a782942ac08c8ed4cf5f4') in 0.000435 seconds
Number of updated asset objects reloaded before import = 0Number of asset objects unloaded after import = 0

========================================================================
Received Import Request.
  Time since last request: 0.940144 seconds.
  path: Assets/Materials
  artifactKey: Guid(ccd8e7e0086f1a64db4cee3bb4144b3c) Importer(2089858483,192608db42251d675da83286b1cce702)
Start importing Assets/Materials using Guid(ccd8e7e0086f1a64db4cee3bb4144b3c) Importer(2089858483,192608db42251d675da83286b1cce702) (ScriptedImporter) -> (artifact id: 'c7886841c3053215aa15678082cba589') in 0.0036288 seconds
Number of updated asset objects reloaded before import = 0Number of asset objects unloaded after import = 1

========================================================================
Received Prepare
Begin MonoManager ReloadAssembly
- Loaded All Assemblies, in  0.613 seconds
Refreshing native plugins compatible for Editor in 0.95 ms, found 3 plugins.
Native extension for LinuxStandalone target not found
Native extension for UWP target not found
Native extension for WindowsStandalone target not found
Native extension for WebGL target not found
[Package Manager] Failed to launch server process. Reason: Unity was launched with the -noUpm command-line argument
[Package Manager] Unable to send message (not connected to server process).
[Package Manager] Cannot connect to Unity Package Manager local server
Mono: successfully reloaded assembly
- Finished resetting the current domain, in  0.680 seconds
Domain Reload Profiling: 1291ms
	BeginReloadAssembly (182ms)
		ExecutionOrderSort (0ms)
		DisableScriptedObjects (4ms)
		BackupInstance (0ms)
		ReleaseScriptingObjects (0ms)
		CreateAndSetChildDomain (64ms)
	RebuildCommonClasses (24ms)
	RebuildNativeTypeToScriptingClass (11ms)
	initialDomainReloadingComplete (26ms)
	LoadAllAssembliesAndSetupDomain (368ms)
		LoadAssemblies (319ms)
		RebuildTransferFunctionScriptingTraits (0ms)
		AnalyzeDomain (119ms)
			TypeCache.Refresh (7ms)
				TypeCache.ScanAssembly (1ms)
			BuildScriptInfoCaches (101ms)
			ResolveRequiredComponents (7ms)
	FinalizeReload (680ms)
		ReleaseScriptCaches (0ms)
		RebuildScriptCaches (0ms)
		SetupLoadedEditorAssemblies (569ms)
			LogAssemblyErrors (0ms)
			InitializePlatformSupportModulesInManaged (2ms)
			SetLoadedEditorAssemblies (3ms)
			BeforeProcessingInitializeOnLoad (134ms)
			ProcessInitializeOnLoadAttributes (383ms)
			ProcessInitializeOnLoadMethodAttributes (42ms)
			AfterProcessingInitializeOnLoad (5ms)
			EditorAssembliesLoaded (0ms)
		ExecutionOrderSort2 (0ms)
		AwakeInstancesAfterBackupRestoration (12ms)
Refreshing native plugins compatible for Editor in 1.01 ms, found 3 plugins.
Preloading 0 native plugins for Editor in 0.00 ms.
Unloading 13 Unused Serialized files (Serialized files now loaded: 0)
Unloading 6118 unused Assets / (3.8 MB). Loaded Objects now: 6835.
Memory consumption went from 139.5 MB to 135.7 MB.
Total: 7.521800 ms (FindLiveObjects: 0.708400 ms CreateObjectMapping: 0.308200 ms MarkObjects: 4.334800 ms  DeleteObjects: 2.169400 ms)

Prepare: number of updated asset objects reloaded= 0
========================================================================
Received Prepare
Assembly reference Packages/com.unity.cinemachine/Editor/Samples/ExposeHDRPInternals/HDRP-Editor-ref.asmref has no target assembly definition
Assembly reference Packages/com.unity.cinemachine/Editor/Samples/ExposeHDRPInternals/HDRP-Editor-ref.asmref has no target assembly definition
Begin MonoManager ReloadAssembly
[Licensing::Client] Successfully resolved entitlement details
- Loaded All Assemblies, in  0.530 seconds
Assembly reference Packages/com.unity.cinemachine/Editor/Samples/ExposeHDRPInternals/HDRP-Editor-ref.asmref has no target assembly definition
'Packages/com.unity.cinemachine/Editor/Obsolete/CinemachineVirtualCameraBaseEditor.cs' contains partial class of Unity.Object, exactly 1 of the partial classes needs to be in a file with the same filename. This is to know the one that can be referenced from ie. GameObjects
'Packages/com.unity.cinemachine/Editor/Editors/CinemachineVirtualCameraBaseEditor.cs' contains partial class of Unity.Object, exactly 1 of the partial classes needs to be in a file with the same filename. This is to know the one that can be referenced from ie. GameObjects
Refreshing native plugins compatible for Editor in 1.01 ms, found 4 plugins.
Native extension for LinuxStandalone target not found
Native extension for UWP target not found
Native extension for WindowsStandalone target not found
Native extension for WebGL target not found
Assembly reference Packages/com.unity.cinemachine/Editor/Samples/ExposeHDRPInternals/HDRP-Editor-ref.asmref has no target assembly definition
[MODES] ModeService[none].Initialize
[MODES] ModeService[none].LoadModes
[MODES] Loading mode Default (0) for mode-current-id-AirSoftGame
[Package Manager] Failed to launch server process. Reason: Unity was launched with the -noUpm command-line argument
[Package Manager] Unable to send message (not connected to server process).
[Package Manager] Cannot connect to Unity Package Manager local server
[Package Manager] Failed to launch server process. Reason: Unity was launched with the -noUpm command-line argument
[Package Manager] Unable to send message (not connected to server process).
[Package Manager] Cannot connect to Unity Package Manager local server
Mono: successfully reloaded assembly
- Finished resetting the current domain, in  0.665 seconds
Domain Reload Profiling: 1194ms
	BeginReloadAssembly (146ms)
		ExecutionOrderSort (0ms)
		DisableScriptedObjects (4ms)
		BackupInstance (0ms)
		ReleaseScriptingObjects (0ms)
		CreateAndSetChildDomain (37ms)
	RebuildCommonClasses (24ms)
	RebuildNativeTypeToScriptingClass (8ms)
	initialDomainReloadingComplete (19ms)
	LoadAllAssembliesAndSetupDomain (332ms)
		LoadAssemblies (269ms)
		RebuildTransferFunctionScriptingTraits (0ms)
		AnalyzeDomain (125ms)
			TypeCache.Refresh (15ms)
				TypeCache.ScanAssembly (9ms)
			BuildScriptInfoCaches (98ms)
			ResolveRequiredComponents (8ms)
	FinalizeReload (665ms)
		ReleaseScriptCaches (0ms)
		RebuildScriptCaches (0ms)
		SetupLoadedEditorAssemblies (559ms)
			LogAssemblyErrors (0ms)
			InitializePlatformSupportModulesInManaged (2ms)
			SetLoadedEditorAssemblies (5ms)
			BeforeProcessingInitializeOnLoad (136ms)
			ProcessInitializeOnLoadAttributes (378ms)
			ProcessInitializeOnLoadMethodAttributes (34ms)
			AfterProcessingInitializeOnLoad (4ms)
			EditorAssembliesLoaded (0ms)
		ExecutionOrderSort2 (0ms)
		AwakeInstancesAfterBackupRestoration (11ms)
Refreshing native plugins compatible for Editor in 1.28 ms, found 4 plugins.
Preloading 0 native plugins for Editor in 0.00 ms.
Unloading 17 Unused Serialized files (Serialized files now loaded: 0)
Unloading 6855 unused Assets / (4.3 MB). Loaded Objects now: 7568.
Memory consumption went from 144.2 MB to 139.8 MB.
Total: 6.205500 ms (FindLiveObjects: 0.697500 ms CreateObjectMapping: 0.215400 ms MarkObjects: 3.667600 ms  DeleteObjects: 1.624000 ms)

Prepare: number of updated asset objects reloaded= 0
========================================================================
Received Prepare
Assembly reference Packages/com.unity.cinemachine/Editor/Samples/ExposeHDRPInternals/HDRP-Editor-ref.asmref has no target assembly definition
Assembly reference Packages/com.unity.cinemachine/Editor/Samples/ExposeHDRPInternals/HDRP-Editor-ref.asmref has no target assembly definition
Begin MonoManager ReloadAssembly
- Loaded All Assemblies, in  0.653 seconds
Assembly reference Packages/com.unity.cinemachine/Editor/Samples/ExposeHDRPInternals/HDRP-Editor-ref.asmref has no target assembly definition
'Packages/com.unity.cinemachine/Editor/Obsolete/CinemachineVirtualCameraBaseEditor.cs' contains partial class of Unity.Object, exactly 1 of the partial classes needs to be in a file with the same filename. This is to know the one that can be referenced from ie. GameObjects
'Packages/com.unity.cinemachine/Editor/Editors/CinemachineVirtualCameraBaseEditor.cs' contains partial class of Unity.Object, exactly 1 of the partial classes needs to be in a file with the same filename. This is to know the one that can be referenced from ie. GameObjects
Refreshing native plugins compatible for Editor in 1.07 ms, found 4 plugins.
Native extension for LinuxStandalone target not found
Native extension for UWP target not found
Native extension for WindowsStandalone target not found
Native extension for WebGL target not found
Assembly reference Packages/com.unity.cinemachine/Editor/Samples/ExposeHDRPInternals/HDRP-Editor-ref.asmref has no target assembly definition
Error saving file Library/StateCache/LayerSettings/9e/9ecc5c3c162a7aba29bafa64c8b94b7c.json. Error: System.IO.IOException: Sharing violation on path C:\unity\projects\AirSoftGame\Library\StateCache\LayerSettings\9e\9ecc5c3c162a7aba29bafa64c8b94b7c.json
  at System.IO.FileStream..ctor (System.String path, System.IO.FileMode mode, System.IO.FileAccess access, System.IO.FileShare share, System.Int32 bufferSize, System.Boolean anonymous, System.IO.FileOptions options) [0x0019e] in <59bd7c40c082431db25e1e728ab62789>:0 
  at System.IO.FileStream..ctor (System.String path, System.IO.FileMode mode, System.IO.FileAccess access, System.IO.FileShare share, System.Int32 bufferSize, System.IO.FileOptions options) [0x00000] in <59bd7c40c082431db25e1e728ab62789>:0 
  at (wrapper remoting-invoke-with-check) System.IO.FileStream..ctor(string,System.IO.FileMode,System.IO.FileAccess,System.IO.FileShare,int,System.IO.FileOptions)
  at System.IO.StreamWriter..ctor (System.String path, System.Boolean append, System.Text.Encoding encoding, System.Int32 bufferSize) [0x00055] in <59bd7c40c082431db25e1e728ab62789>:0 
  at System.IO.StreamWriter..ctor (System.String path, System.Boolean append, System.Text.Encoding encoding) [0x00000] in <59bd7c40c082431db25e1e728ab62789>:0 
  at (wrapper remoting-invoke-with-check) System.IO.StreamWriter..ctor(string,bool,System.Text.Encoding)
  at System.IO.File.WriteAllText (System.String path, System.String contents, System.Text.Encoding encoding) [0x00034] in <59bd7c40c082431db25e1e728ab62789>:0 
  at UnityEditor.StateCache`1[T].SetState (UnityEngine.Hash128 key, T obj) [0x0004b] in <0f0e3f0466c5408ea28e69768919d41d>:0 
UnityEngine.Debug:ExtractStackTraceNoAlloc (byte*,int,string)
UnityEngine.StackTraceUtility:ExtractStackTrace ()
UnityEngine.DebugLogHandler:Internal_Log (UnityEngine.LogType,UnityEngine.LogOption,string,UnityEngine.Object)
UnityEngine.DebugLogHandler:LogFormat (UnityEngine.LogType,UnityEngine.Object,string,object[])
UnityEngine.Logger:Log (UnityEngine.LogType,object)
UnityEngine.Debug:LogError (object)
UnityEditor.StateCache`1<UnityEditor.Tools/LayerSettings>:SetState (UnityEngine.Hash128,UnityEditor.Tools/LayerSettings)
UnityEditor.Tools:set_lockedLayers (int)
UnityEditor.Tools:OnEnable ()
UnityEngine.ScriptableObject:CreateScriptableObjectInstanceFromType (System.Type,bool)
UnityEngine.ScriptableObject:CreateInstance (System.Type)
UnityEngine.ScriptableObject:CreateInstance<UnityEditor.Tools> ()
UnityEditor.Tools:get_get ()
UnityEditor.Tools:get_visibleLayers ()
UnityEditor.Animations.Rigging.BoneRendererUtils:.cctor () (at ./Library/PackageCache/com.unity.animation.rigging@e106d1f78228/Editor/Utils/BoneRendererUtils.cs:121)
System.Runtime.CompilerServices.RuntimeHelpers:RunClassConstructor (System.RuntimeTypeHandle)
UnityEditor.EditorAssemblies:ProcessInitializeOnLoadAttributes (System.Type[])

(Filename: ./Library/PackageCache/com.unity.animation.rigging@e106d1f78228/Editor/Utils/BoneRendererUtils.cs Line: 121)

[MODES] ModeService[none].Initialize
[MODES] ModeService[none].LoadModes
[Package Manager] Failed to launch server process. Reason: Unity was launched with the -noUpm command-line argument
[Package Manager] Unable to send message (not connected to server process).
[Package Manager] Cannot connect to Unity Package Manager local server
[Package Manager] Failed to launch server process. Reason: Unity was launched with the -noUpm command-line argument
[Package Manager] Unable to send message (not connected to server process).
[Package Manager] Cannot connect to Unity Package Manager local server
Mono: successfully reloaded assembly
- Finished resetting the current domain, in  0.761 seconds
Domain Reload Profiling: 1414ms
	BeginReloadAssembly (258ms)
		ExecutionOrderSort (0ms)
		DisableScriptedObjects (9ms)
		BackupInstance (0ms)
		ReleaseScriptingObjects (0ms)
		CreateAndSetChildDomain (109ms)
	RebuildCommonClasses (23ms)
	RebuildNativeTypeToScriptingClass (8ms)
	initialDomainReloadingComplete (19ms)
	LoadAllAssembliesAndSetupDomain (344ms)
		LoadAssemblies (277ms)
		RebuildTransferFunctionScriptingTraits (0ms)
		AnalyzeDomain (132ms)
			TypeCache.Refresh (14ms)
				TypeCache.ScanAssembly (7ms)
			BuildScriptInfoCaches (107ms)
			ResolveRequiredComponents (8ms)
	FinalizeReload (761ms)
		ReleaseScriptCaches (0ms)
		RebuildScriptCaches (0ms)
		SetupLoadedEditorAssemblies (652ms)
			LogAssemblyErrors (0ms)
			InitializePlatformSupportModulesInManaged (2ms)
			SetLoadedEditorAssemblies (3ms)
			BeforeProcessingInitializeOnLoad (121ms)
			ProcessInitializeOnLoadAttributes (487ms)
			ProcessInitializeOnLoadMethodAttributes (34ms)
			AfterProcessingInitializeOnLoad (4ms)
			EditorAssembliesLoaded (0ms)
		ExecutionOrderSort2 (0ms)
		AwakeInstancesAfterBackupRestoration (13ms)
WARNING: Shader Unsupported: 'Hidden/Builtin_TerrainVisualization' - All subshaders removed
WARNING: Shader Did you use #pragma only_renderers and omit this platform?
WARNING: Shader If subshaders removal was intentional, you may have forgotten turning Fallback off?
WARNING: Shader Unsupported: 'Hidden/Builtin_TerrainVisualization' - All subshaders removed
WARNING: Shader Did you use #pragma only_renderers and omit this platform?
WARNING: Shader If subshaders removal was intentional, you may have forgotten turning Fallback off?
Refreshing native plugins compatible for Editor in 1.11 ms, found 4 plugins.
Preloading 0 native plugins for Editor in 0.00 ms.
Unloading 87 Unused Serialized files (Serialized files now loaded: 0)
Unloading 7503 unused Assets / (12.0 MB). Loaded Objects now: 8161.
Memory consumption went from 167.1 MB to 155.1 MB.
Total: 9.584700 ms (FindLiveObjects: 0.678400 ms CreateObjectMapping: 0.250500 ms MarkObjects: 4.174700 ms  DeleteObjects: 4.479900 ms)

Prepare: number of updated asset objects reloaded= 0
========================================================================
Received Prepare
Assembly reference Packages/com.unity.cinemachine/Editor/Samples/ExposeHDRPInternals/HDRP-Editor-ref.asmref has no target assembly definition
Assembly reference Packages/com.unity.cinemachine/Editor/Samples/ExposeHDRPInternals/HDRP-Editor-ref.asmref has no target assembly definition
Begin MonoManager ReloadAssembly
[Licensing::Client] Successfully resolved entitlement details
- Loaded All Assemblies, in  0.578 seconds
Assembly reference Packages/com.unity.cinemachine/Editor/Samples/ExposeHDRPInternals/HDRP-Editor-ref.asmref has no target assembly definition
'Packages/com.unity.cinemachine/Editor/Obsolete/CinemachineVirtualCameraBaseEditor.cs' contains partial class of Unity.Object, exactly 1 of the partial classes needs to be in a file with the same filename. This is to know the one that can be referenced from ie. GameObjects
'Packages/com.unity.cinemachine/Editor/Editors/CinemachineVirtualCameraBaseEditor.cs' contains partial class of Unity.Object, exactly 1 of the partial classes needs to be in a file with the same filename. This is to know the one that can be referenced from ie. GameObjects
Refreshing native plugins compatible for Editor in 1.02 ms, found 4 plugins.
Native extension for LinuxStandalone target not found
Native extension for UWP target not found
Native extension for WindowsStandalone target not found
Native extension for WebGL target not found
Assembly reference Packages/com.unity.cinemachine/Editor/Samples/ExposeHDRPInternals/HDRP-Editor-ref.asmref has no target assembly definition
Error saving file Library/StateCache/LayerSettings/9e/9ecc5c3c162a7aba29bafa64c8b94b7c.json. Error: System.IO.IOException: Sharing violation on path C:\unity\projects\AirSoftGame\Library\StateCache\LayerSettings\9e\9ecc5c3c162a7aba29bafa64c8b94b7c.json
  at System.IO.FileStream..ctor (System.String path, System.IO.FileMode mode, System.IO.FileAccess access, System.IO.FileShare share, System.Int32 bufferSize, System.Boolean anonymous, System.IO.FileOptions options) [0x0019e] in <59bd7c40c082431db25e1e728ab62789>:0 
  at System.IO.FileStream..ctor (System.String path, System.IO.FileMode mode, System.IO.FileAccess access, System.IO.FileShare share, System.Int32 bufferSize, System.IO.FileOptions options) [0x00000] in <59bd7c40c082431db25e1e728ab62789>:0 
  at (wrapper remoting-invoke-with-check) System.IO.FileStream..ctor(string,System.IO.FileMode,System.IO.FileAccess,System.IO.FileShare,int,System.IO.FileOptions)
  at System.IO.StreamWriter..ctor (System.String path, System.Boolean append, System.Text.Encoding encoding, System.Int32 bufferSize) [0x00055] in <59bd7c40c082431db25e1e728ab62789>:0 
  at System.IO.StreamWriter..ctor (System.String path, System.Boolean append, System.Text.Encoding encoding) [0x00000] in <59bd7c40c082431db25e1e728ab62789>:0 
  at (wrapper remoting-invoke-with-check) System.IO.StreamWriter..ctor(string,bool,System.Text.Encoding)
  at System.IO.File.WriteAllText (System.String path, System.String contents, System.Text.Encoding encoding) [0x00034] in <59bd7c40c082431db25e1e728ab62789>:0 
  at UnityEditor.StateCache`1[T].SetState (UnityEngine.Hash128 key, T obj) [0x0004b] in <0f0e3f0466c5408ea28e69768919d41d>:0 
UnityEngine.Debug:ExtractStackTraceNoAlloc (byte*,int,string)
UnityEngine.StackTraceUtility:ExtractStackTrace ()
UnityEngine.DebugLogHandler:Internal_Log (UnityEngine.LogType,UnityEngine.LogOption,string,UnityEngine.Object)
UnityEngine.DebugLogHandler:LogFormat (UnityEngine.LogType,UnityEngine.Object,string,object[])
UnityEngine.Logger:Log (UnityEngine.LogType,object)
UnityEngine.Debug:LogError (object)
UnityEditor.StateCache`1<UnityEditor.Tools/LayerSettings>:SetState (UnityEngine.Hash128,UnityEditor.Tools/LayerSettings)
UnityEditor.Tools:set_lockedLayers (int)
UnityEditor.Tools:OnEnable ()
UnityEngine.ScriptableObject:CreateScriptableObjectInstanceFromType (System.Type,bool)
UnityEngine.ScriptableObject:CreateInstance (System.Type)
UnityEngine.ScriptableObject:CreateInstance<UnityEditor.Tools> ()
UnityEditor.Tools:get_get ()
UnityEditor.Tools:get_visibleLayers ()
UnityEditor.Animations.Rigging.BoneRendererUtils:.cctor () (at ./Library/PackageCache/com.unity.animation.rigging@e106d1f78228/Editor/Utils/BoneRendererUtils.cs:121)
System.Runtime.CompilerServices.RuntimeHelpers:RunClassConstructor (System.RuntimeTypeHandle)
UnityEditor.EditorAssemblies:ProcessInitializeOnLoadAttributes (System.Type[])

(Filename: ./Library/PackageCache/com.unity.animation.rigging@e106d1f78228/Editor/Utils/BoneRendererUtils.cs Line: 121)

[MODES] ModeService[none].Initialize
[MODES] ModeService[none].LoadModes
[Package Manager] Failed to launch server process. Reason: Unity was launched with the -noUpm command-line argument
[Package Manager] Unable to send message (not connected to server process).
[Package Manager] Cannot connect to Unity Package Manager local server
[Package Manager] Failed to launch server process. Reason: Unity was launched with the -noUpm command-line argument
[Package Manager] Unable to send message (not connected to server process).
[Package Manager] Cannot connect to Unity Package Manager local server
Mono: successfully reloaded assembly
- Finished resetting the current domain, in  0.767 seconds
Domain Reload Profiling: 1345ms
	BeginReloadAssembly (152ms)
		ExecutionOrderSort (0ms)
		DisableScriptedObjects (4ms)
		BackupInstance (0ms)
		ReleaseScriptingObjects (0ms)
		CreateAndSetChildDomain (46ms)
	RebuildCommonClasses (24ms)
	RebuildNativeTypeToScriptingClass (9ms)
	initialDomainReloadingComplete (20ms)
	LoadAllAssembliesAndSetupDomain (373ms)
		LoadAssemblies (269ms)
		RebuildTransferFunctionScriptingTraits (0ms)
		AnalyzeDomain (162ms)
			TypeCache.Refresh (80ms)
				TypeCache.ScanAssembly (72ms)
			BuildScriptInfoCaches (70ms)
			ResolveRequiredComponents (7ms)
	FinalizeReload (767ms)
		ReleaseScriptCaches (0ms)
		RebuildScriptCaches (0ms)
		SetupLoadedEditorAssemblies (660ms)
			LogAssemblyErrors (0ms)
			InitializePlatformSupportModulesInManaged (2ms)
			SetLoadedEditorAssemblies (4ms)
			BeforeProcessingInitializeOnLoad (144ms)
			ProcessInitializeOnLoadAttributes (475ms)
			ProcessInitializeOnLoadMethodAttributes (31ms)
			AfterProcessingInitializeOnLoad (4ms)
			EditorAssembliesLoaded (0ms)
		ExecutionOrderSort2 (0ms)
		AwakeInstancesAfterBackupRestoration (12ms)
WARNING: Shader Unsupported: 'Hidden/Builtin_TerrainVisualization' - All subshaders removed
WARNING: Shader Did you use #pragma only_renderers and omit this platform?
WARNING: Shader If subshaders removal was intentional, you may have forgotten turning Fallback off?
WARNING: Shader Unsupported: 'Hidden/Builtin_TerrainVisualization' - All subshaders removed
WARNING: Shader Did you use #pragma only_renderers and omit this platform?
WARNING: Shader If subshaders removal was intentional, you may have forgotten turning Fallback off?
Refreshing native plugins compatible for Editor in 1.10 ms, found 4 plugins.
Preloading 0 native plugins for Editor in 0.00 ms.
Unloading 87 Unused Serialized files (Serialized files now loaded: 0)
Unloading 7503 unused Assets / (12.6 MB). Loaded Objects now: 8165.
Memory consumption went from 167.3 MB to 154.7 MB.
Total: 9.744200 ms (FindLiveObjects: 0.754100 ms CreateObjectMapping: 0.409400 ms MarkObjects: 3.790500 ms  DeleteObjects: 4.789700 ms)

Prepare: number of updated asset objects reloaded= 0
========================================================================
Received Import Request.
  Time since last request: 138.747271 seconds.
  path: Assets/Settings
  artifactKey: Guid(709f11a7f3c4041caa4ef136ea32d874) Importer(815301076,1909f56bfc062723c751e8b465ee728b)
Start importing Assets/Settings using Guid(709f11a7f3c4041caa4ef136ea32d874) Importer(815301076,1909f56bfc062723c751e8b465ee728b) (PreviewImporter) -> (artifact id: 'c4b47d252bc4e8d77fd6334abcf5e3e8') in 0.0193163 seconds
Number of updated asset objects reloaded before import = 0Number of asset objects unloaded after import = 0

========================================================================
Received Prepare
'Packages/com.unity.cinemachine/Editor/Obsolete/CinemachineVirtualCameraBaseEditor.cs' contains partial class of Unity.Object, exactly 1 of the partial classes needs to be in a file with the same filename. This is to know the one that can be referenced from ie. GameObjects
'Packages/com.unity.cinemachine/Editor/Editors/CinemachineVirtualCameraBaseEditor.cs' contains partial class of Unity.Object, exactly 1 of the partial classes needs to be in a file with the same filename. This is to know the one that can be referenced from ie. GameObjects
WARNING: Shader Unsupported: 'Hidden/Builtin_TerrainVisualization' - All subshaders removed
WARNING: Shader Did you use #pragma only_renderers and omit this platform?
WARNING: Shader If subshaders removal was intentional, you may have forgotten turning Fallback off?
WARNING: Shader Unsupported: 'Hidden/Builtin_TerrainVisualization' - All subshaders removed
WARNING: Shader Did you use #pragma only_renderers and omit this platform?
WARNING: Shader If subshaders removal was intentional, you may have forgotten turning Fallback off?
Refreshing native plugins compatible for Editor in 1.09 ms, found 4 plugins.
Preloading 0 native plugins for Editor in 0.00 ms.
Unloading 87 Unused Serialized files (Serialized files now loaded: 0)
Unloading 7494 unused Assets / (12.2 MB). Loaded Objects now: 8166.
Memory consumption went from 167.4 MB to 155.2 MB.
Total: 9.115100 ms (FindLiveObjects: 0.680600 ms CreateObjectMapping: 0.240600 ms MarkObjects: 3.874900 ms  DeleteObjects: 4.318500 ms)

Prepare: number of updated asset objects reloaded= 0
========================================================================
Received Import Request.
  Time since last request: 6.745375 seconds.
  path: Assets/Scripts/BB.cs
  artifactKey: Guid(a9e2f3e0e24afd54fb1a916b942560f1) Importer(815301076,1909f56bfc062723c751e8b465ee728b)
Start importing Assets/Scripts/BB.cs using Guid(a9e2f3e0e24afd54fb1a916b942560f1) Importer(815301076,1909f56bfc062723c751e8b465ee728b) (PreviewImporter) -> (artifact id: '13238ee7efa39553fbfdd27eb9454746') in 0.0039877 seconds
Number of updated asset objects reloaded before import = 0Number of asset objects unloaded after import = 0

========================================================================
Received Import Request.
  Time since last request: 0.006584 seconds.
  path: Assets/Scripts/BB.cs
  artifactKey: Guid(a9e2f3e0e24afd54fb1a916b942560f1) Importer(2089858483,192608db42251d675da83286b1cce702)
Start importing Assets/Scripts/BB.cs using Guid(a9e2f3e0e24afd54fb1a916b942560f1) Importer(2089858483,192608db42251d675da83286b1cce702) (ScriptedImporter) -> (artifact id: '5c0b81d385f4dd025222f902acec6e5b') in 0.1266866 seconds
Number of updated asset objects reloaded before import = 0Number of asset objects unloaded after import = 0

========================================================================
Received Prepare
Assembly reference Packages/com.unity.cinemachine/Editor/Samples/ExposeHDRPInternals/HDRP-Editor-ref.asmref has no target assembly definition
Assembly reference Packages/com.unity.cinemachine/Editor/Samples/ExposeHDRPInternals/HDRP-Editor-ref.asmref has no target assembly definition
Begin MonoManager ReloadAssembly
- Loaded All Assemblies, in  0.644 seconds
Assembly reference Packages/com.unity.cinemachine/Editor/Samples/ExposeHDRPInternals/HDRP-Editor-ref.asmref has no target assembly definition
'Packages/com.unity.cinemachine/Editor/Obsolete/CinemachineVirtualCameraBaseEditor.cs' contains partial class of Unity.Object, exactly 1 of the partial classes needs to be in a file with the same filename. This is to know the one that can be referenced from ie. GameObjects
'Packages/com.unity.cinemachine/Editor/Editors/CinemachineVirtualCameraBaseEditor.cs' contains partial class of Unity.Object, exactly 1 of the partial classes needs to be in a file with the same filename. This is to know the one that can be referenced from ie. GameObjects
Refreshing native plugins compatible for Editor in 1.16 ms, found 4 plugins.
Native extension for LinuxStandalone target not found
Native extension for UWP target not found
Native extension for WindowsStandalone target not found
Native extension for WebGL target not found
Assembly reference Packages/com.unity.cinemachine/Editor/Samples/ExposeHDRPInternals/HDRP-Editor-ref.asmref has no target assembly definition
[MODES] ModeService[none].Initialize
[MODES] ModeService[none].LoadModes
[Package Manager] Failed to launch server process. Reason: Unity was launched with the -noUpm command-line argument
[Package Manager] Unable to send message (not connected to server process).
[Package Manager] Cannot connect to Unity Package Manager local server
[Package Manager] Failed to launch server process. Reason: Unity was launched with the -noUpm command-line argument
[Package Manager] Unable to send message (not connected to server process).
[Package Manager] Cannot connect to Unity Package Manager local server
Mono: successfully reloaded assembly
- Finished resetting the current domain, in  1.003 seconds
Domain Reload Profiling: 1648ms
	BeginReloadAssembly (182ms)
		ExecutionOrderSort (0ms)
		DisableScriptedObjects (4ms)
		BackupInstance (0ms)
		ReleaseScriptingObjects (0ms)
		CreateAndSetChildDomain (65ms)
	RebuildCommonClasses (26ms)
	RebuildNativeTypeToScriptingClass (12ms)
	initialDomainReloadingComplete (20ms)
	LoadAllAssembliesAndSetupDomain (403ms)
		LoadAssemblies (305ms)
		RebuildTransferFunctionScriptingTraits (0ms)
		AnalyzeDomain (164ms)
			TypeCache.Refresh (8ms)
				TypeCache.ScanAssembly (0ms)
			BuildScriptInfoCaches (144ms)
			ResolveRequiredComponents (8ms)
	FinalizeReload (1003ms)
		ReleaseScriptCaches (0ms)
		RebuildScriptCaches (0ms)
		SetupLoadedEditorAssemblies (861ms)
			LogAssemblyErrors (0ms)
			InitializePlatformSupportModulesInManaged (4ms)
			SetLoadedEditorAssemblies (7ms)
			BeforeProcessingInitializeOnLoad (182ms)
			ProcessInitializeOnLoadAttributes (623ms)
			ProcessInitializeOnLoadMethodAttributes (41ms)
			AfterProcessingInitializeOnLoad (4ms)
			EditorAssembliesLoaded (0ms)
		ExecutionOrderSort2 (0ms)
		AwakeInstancesAfterBackupRestoration (13ms)
WARNING: Shader Unsupported: 'Hidden/Builtin_TerrainVisualization' - All subshaders removed
WARNING: Shader Did you use #pragma only_renderers and omit this platform?
WARNING: Shader If subshaders removal was intentional, you may have forgotten turning Fallback off?
WARNING: Shader Unsupported: 'Hidden/Builtin_TerrainVisualization' - All subshaders removed
WARNING: Shader Did you use #pragma only_renderers and omit this platform?
WARNING: Shader If subshaders removal was intentional, you may have forgotten turning Fallback off?
Refreshing native plugins compatible for Editor in 1.25 ms, found 4 plugins.
Preloading 0 native plugins for Editor in 0.00 ms.
Unloading 87 Unused Serialized files (Serialized files now loaded: 0)
Unloading 7504 unused Assets / (13.9 MB). Loaded Objects now: 8170.
Memory consumption went from 167.3 MB to 153.5 MB.
Total: 14.057900 ms (FindLiveObjects: 0.768600 ms CreateObjectMapping: 0.341300 ms MarkObjects: 4.715500 ms  DeleteObjects: 8.231900 ms)

Prepare: number of updated asset objects reloaded= 0
========================================================================
Received Prepare
Assembly reference Packages/com.unity.cinemachine/Editor/Samples/ExposeHDRPInternals/HDRP-Editor-ref.asmref has no target assembly definition
Assembly reference Packages/com.unity.cinemachine/Editor/Samples/ExposeHDRPInternals/HDRP-Editor-ref.asmref has no target assembly definition
Begin MonoManager ReloadAssembly
- Loaded All Assemblies, in  0.793 seconds
Assembly reference Packages/com.unity.cinemachine/Editor/Samples/ExposeHDRPInternals/HDRP-Editor-ref.asmref has no target assembly definition
'Packages/com.unity.cinemachine/Editor/Obsolete/CinemachineVirtualCameraBaseEditor.cs' contains partial class of Unity.Object, exactly 1 of the partial classes needs to be in a file with the same filename. This is to know the one that can be referenced from ie. GameObjects
'Packages/com.unity.cinemachine/Editor/Editors/CinemachineVirtualCameraBaseEditor.cs' contains partial class of Unity.Object, exactly 1 of the partial classes needs to be in a file with the same filename. This is to know the one that can be referenced from ie. GameObjects
Refreshing native plugins compatible for Editor in 1.22 ms, found 4 plugins.
Native extension for LinuxStandalone target not found
Native extension for UWP target not found
Native extension for WindowsStandalone target not found
Native extension for WebGL target not found
Assembly reference Packages/com.unity.cinemachine/Editor/Samples/ExposeHDRPInternals/HDRP-Editor-ref.asmref has no target assembly definition
[MODES] ModeService[none].Initialize
[MODES] ModeService[none].LoadModes
[Package Manager] Failed to launch server process. Reason: Unity was launched with the -noUpm command-line argument
[Package Manager] Unable to send message (not connected to server process).
[Package Manager] Cannot connect to Unity Package Manager local server
[Package Manager] Failed to launch server process. Reason: Unity was launched with the -noUpm command-line argument
[Package Manager] Unable to send message (not connected to server process).
[Package Manager] Cannot connect to Unity Package Manager local server
Mono: successfully reloaded assembly
- Finished resetting the current domain, in  1.158 seconds
Domain Reload Profiling: 1949ms
	BeginReloadAssembly (189ms)
		ExecutionOrderSort (0ms)
		DisableScriptedObjects (4ms)
		BackupInstance (0ms)
		ReleaseScriptingObjects (0ms)
		CreateAndSetChildDomain (56ms)
	RebuildCommonClasses (36ms)
	RebuildNativeTypeToScriptingClass (9ms)
	initialDomainReloadingComplete (27ms)
	LoadAllAssembliesAndSetupDomain (530ms)
		LoadAssemblies (412ms)
		RebuildTransferFunctionScriptingTraits (0ms)
		AnalyzeDomain (194ms)
			TypeCache.Refresh (9ms)
				TypeCache.ScanAssembly (0ms)
			BuildScriptInfoCaches (168ms)
			ResolveRequiredComponents (12ms)
	FinalizeReload (1158ms)
		ReleaseScriptCaches (0ms)
		RebuildScriptCaches (0ms)
		SetupLoadedEditorAssemblies (1010ms)
			LogAssemblyErrors (0ms)
			InitializePlatformSupportModulesInManaged (3ms)
			SetLoadedEditorAssemblies (6ms)
			BeforeProcessingInitializeOnLoad (217ms)
			ProcessInitializeOnLoadAttributes (728ms)
			ProcessInitializeOnLoadMethodAttributes (47ms)
			AfterProcessingInitializeOnLoad (7ms)
			EditorAssembliesLoaded (0ms)
		ExecutionOrderSort2 (0ms)
		AwakeInstancesAfterBackupRestoration (15ms)
WARNING: Shader Unsupported: 'Hidden/Builtin_TerrainVisualization' - All subshaders removed
WARNING: Shader Did you use #pragma only_renderers and omit this platform?
WARNING: Shader If subshaders removal was intentional, you may have forgotten turning Fallback off?
WARNING: Shader Unsupported: 'Hidden/Builtin_TerrainVisualization' - All subshaders removed
WARNING: Shader Did you use #pragma only_renderers and omit this platform?
WARNING: Shader If subshaders removal was intentional, you may have forgotten turning Fallback off?
Refreshing native plugins compatible for Editor in 1.61 ms, found 4 plugins.
Preloading 0 native plugins for Editor in 0.00 ms.
Unloading 87 Unused Serialized files (Serialized files now loaded: 0)
Unloading 7504 unused Assets / (12.8 MB). Loaded Objects now: 8174.
Memory consumption went from 167.3 MB to 154.6 MB.
Total: 15.170100 ms (FindLiveObjects: 1.131700 ms CreateObjectMapping: 0.392500 ms MarkObjects: 5.870500 ms  DeleteObjects: 7.774300 ms)

Prepare: number of updated asset objects reloaded= 0
========================================================================
Received Import Request.
  Time since last request: 47.714733 seconds.
  path: Assets/Scripts/BB.cs
  artifactKey: Guid(a9e2f3e0e24afd54fb1a916b942560f1) Importer(2089858483,192608db42251d675da83286b1cce702)
Start importing Assets/Scripts/BB.cs using Guid(a9e2f3e0e24afd54fb1a916b942560f1) Importer(2089858483,192608db42251d675da83286b1cce702) (ScriptedImporter) -> (artifact id: 'cfd6600dd36ac98ccdf02daafb9c809f') in 0.1884017 seconds
Number of updated asset objects reloaded before import = 0Number of asset objects unloaded after import = 0

========================================================================
Received Prepare
'Packages/com.unity.cinemachine/Editor/Obsolete/CinemachineVirtualCameraBaseEditor.cs' contains partial class of Unity.Object, exactly 1 of the partial classes needs to be in a file with the same filename. This is to know the one that can be referenced from ie. GameObjects
'Packages/com.unity.cinemachine/Editor/Editors/CinemachineVirtualCameraBaseEditor.cs' contains partial class of Unity.Object, exactly 1 of the partial classes needs to be in a file with the same filename. This is to know the one that can be referenced from ie. GameObjects
WARNING: Shader Unsupported: 'Hidden/Builtin_TerrainVisualization' - All subshaders removed
WARNING: Shader Did you use #pragma only_renderers and omit this platform?
WARNING: Shader If subshaders removal was intentional, you may have forgotten turning Fallback off?
WARNING: Shader Unsupported: 'Hidden/Builtin_TerrainVisualization' - All subshaders removed
WARNING: Shader Did you use #pragma only_renderers and omit this platform?
WARNING: Shader If subshaders removal was intentional, you may have forgotten turning Fallback off?
Refreshing native plugins compatible for Editor in 1.18 ms, found 4 plugins.
Preloading 0 native plugins for Editor in 0.00 ms.
Unloading 87 Unused Serialized files (Serialized files now loaded: 0)
Unloading 7495 unused Assets / (13.2 MB). Loaded Objects now: 8175.
Memory consumption went from 167.5 MB to 154.3 MB.
Total: 12.480500 ms (FindLiveObjects: 0.744500 ms CreateObjectMapping: 0.273900 ms MarkObjects: 4.663700 ms  DeleteObjects: 6.797600 ms)

Prepare: number of updated asset objects reloaded= 0
========================================================================
Received Import Request.
  Time since last request: 1.633864 seconds.
  path: Assets/Scripts/ArmaAirsoft.cs
  artifactKey: Guid(11566abe6c06ac04dbc20b46c8b168ca) Importer(815301076,1909f56bfc062723c751e8b465ee728b)
Start importing Assets/Scripts/ArmaAirsoft.cs using Guid(11566abe6c06ac04dbc20b46c8b168ca) Importer(815301076,1909f56bfc062723c751e8b465ee728b) (PreviewImporter) -> (artifact id: '8d9066a0a29fbb0198a24c97c1995236') in 0.003762 seconds
Number of updated asset objects reloaded before import = 0Number of asset objects unloaded after import = 0

========================================================================
Received Import Request.
  Time since last request: 0.018100 seconds.
  path: Assets/Scripts/ArmaAirsoft.cs
  artifactKey: Guid(11566abe6c06ac04dbc20b46c8b168ca) Importer(2089858483,192608db42251d675da83286b1cce702)
Start importing Assets/Scripts/ArmaAirsoft.cs using Guid(11566abe6c06ac04dbc20b46c8b168ca) Importer(2089858483,192608db42251d675da83286b1cce702) (ScriptedImporter) -> (artifact id: '213b11cc7582bdd101b5ef62cdd187c6') in 0.0034449 seconds
Number of updated asset objects reloaded before import = 0Number of asset objects unloaded after import = 0

========================================================================
Received Prepare
Assembly reference Packages/com.unity.cinemachine/Editor/Samples/ExposeHDRPInternals/HDRP-Editor-ref.asmref has no target assembly definition
Assembly reference Packages/com.unity.cinemachine/Editor/Samples/ExposeHDRPInternals/HDRP-Editor-ref.asmref has no target assembly definition
Begin MonoManager ReloadAssembly
[Licensing::Client] Successfully resolved entitlement details
- Loaded All Assemblies, in  0.668 seconds
Assembly reference Packages/com.unity.cinemachine/Editor/Samples/ExposeHDRPInternals/HDRP-Editor-ref.asmref has no target assembly definition
'Packages/com.unity.cinemachine/Editor/Obsolete/CinemachineVirtualCameraBaseEditor.cs' contains partial class of Unity.Object, exactly 1 of the partial classes needs to be in a file with the same filename. This is to know the one that can be referenced from ie. GameObjects
'Packages/com.unity.cinemachine/Editor/Editors/CinemachineVirtualCameraBaseEditor.cs' contains partial class of Unity.Object, exactly 1 of the partial classes needs to be in a file with the same filename. This is to know the one that can be referenced from ie. GameObjects
Refreshing native plugins compatible for Editor in 1.22 ms, found 4 plugins.
Native extension for LinuxStandalone target not found
Native extension for UWP target not found
Native extension for WindowsStandalone target not found
Native extension for WebGL target not found
Assembly reference Packages/com.unity.cinemachine/Editor/Samples/ExposeHDRPInternals/HDRP-Editor-ref.asmref has no target assembly definition
Error saving file Library/StateCache/LayerSettings/9e/9ecc5c3c162a7aba29bafa64c8b94b7c.json. Error: System.IO.IOException: Sharing violation on path C:\unity\projects\AirSoftGame\Library\StateCache\LayerSettings\9e\9ecc5c3c162a7aba29bafa64c8b94b7c.json
  at System.IO.FileStream..ctor (System.String path, System.IO.FileMode mode, System.IO.FileAccess access, System.IO.FileShare share, System.Int32 bufferSize, System.Boolean anonymous, System.IO.FileOptions options) [0x0019e] in <59bd7c40c082431db25e1e728ab62789>:0 
  at System.IO.FileStream..ctor (System.String path, System.IO.FileMode mode, System.IO.FileAccess access, System.IO.FileShare share, System.Int32 bufferSize, System.IO.FileOptions options) [0x00000] in <59bd7c40c082431db25e1e728ab62789>:0 
  at (wrapper remoting-invoke-with-check) System.IO.FileStream..ctor(string,System.IO.FileMode,System.IO.FileAccess,System.IO.FileShare,int,System.IO.FileOptions)
  at System.IO.StreamWriter..ctor (System.String path, System.Boolean append, System.Text.Encoding encoding, System.Int32 bufferSize) [0x00055] in <59bd7c40c082431db25e1e728ab62789>:0 
  at System.IO.StreamWriter..ctor (System.String path, System.Boolean append, System.Text.Encoding encoding) [0x00000] in <59bd7c40c082431db25e1e728ab62789>:0 
  at (wrapper remoting-invoke-with-check) System.IO.StreamWriter..ctor(string,bool,System.Text.Encoding)
  at System.IO.File.WriteAllText (System.String path, System.String contents, System.Text.Encoding encoding) [0x00034] in <59bd7c40c082431db25e1e728ab62789>:0 
  at UnityEditor.StateCache`1[T].SetState (UnityEngine.Hash128 key, T obj) [0x0004b] in <0f0e3f0466c5408ea28e69768919d41d>:0 
UnityEngine.Debug:ExtractStackTraceNoAlloc (byte*,int,string)
UnityEngine.StackTraceUtility:ExtractStackTrace ()
UnityEngine.DebugLogHandler:Internal_Log (UnityEngine.LogType,UnityEngine.LogOption,string,UnityEngine.Object)
UnityEngine.DebugLogHandler:LogFormat (UnityEngine.LogType,UnityEngine.Object,string,object[])
UnityEngine.Logger:Log (UnityEngine.LogType,object)
UnityEngine.Debug:LogError (object)
UnityEditor.StateCache`1<UnityEditor.Tools/LayerSettings>:SetState (UnityEngine.Hash128,UnityEditor.Tools/LayerSettings)
UnityEditor.Tools:set_lockedLayers (int)
UnityEditor.Tools:OnEnable ()
UnityEngine.ScriptableObject:CreateScriptableObjectInstanceFromType (System.Type,bool)
UnityEngine.ScriptableObject:CreateInstance (System.Type)
UnityEngine.ScriptableObject:CreateInstance<UnityEditor.Tools> ()
UnityEditor.Tools:get_get ()
UnityEditor.Tools:get_visibleLayers ()
UnityEditor.Animations.Rigging.BoneRendererUtils:.cctor () (at ./Library/PackageCache/com.unity.animation.rigging@e106d1f78228/Editor/Utils/BoneRendererUtils.cs:121)
System.Runtime.CompilerServices.RuntimeHelpers:RunClassConstructor (System.RuntimeTypeHandle)
UnityEditor.EditorAssemblies:ProcessInitializeOnLoadAttributes (System.Type[])

(Filename: ./Library/PackageCache/com.unity.animation.rigging@e106d1f78228/Editor/Utils/BoneRendererUtils.cs Line: 121)

[MODES] ModeService[none].Initialize
[MODES] ModeService[none].LoadModes
[Package Manager] Failed to launch server process. Reason: Unity was launched with the -noUpm command-line argument
[Package Manager] Unable to send message (not connected to server process).
[Package Manager] Cannot connect to Unity Package Manager local server
[Package Manager] Failed to launch server process. Reason: Unity was launched with the -noUpm command-line argument
[Package Manager] Unable to send message (not connected to server process).
[Package Manager] Cannot connect to Unity Package Manager local server
Mono: successfully reloaded assembly
- Finished resetting the current domain, in  0.914 seconds
Domain Reload Profiling: 1583ms
	BeginReloadAssembly (190ms)
		ExecutionOrderSort (0ms)
		DisableScriptedObjects (4ms)
		BackupInstance (0ms)
		ReleaseScriptingObjects (0ms)
		CreateAndSetChildDomain (68ms)
	RebuildCommonClasses (28ms)
	RebuildNativeTypeToScriptingClass (14ms)
	initialDomainReloadingComplete (30ms)
	LoadAllAssembliesAndSetupDomain (407ms)
		LoadAssemblies (324ms)
		RebuildTransferFunctionScriptingTraits (0ms)
		AnalyzeDomain (153ms)
			TypeCache.Refresh (8ms)
				TypeCache.ScanAssembly (0ms)
			BuildScriptInfoCaches (132ms)
			ResolveRequiredComponents (9ms)
	FinalizeReload (915ms)
		ReleaseScriptCaches (0ms)
		RebuildScriptCaches (0ms)
		SetupLoadedEditorAssemblies (781ms)
			LogAssemblyErrors (0ms)
			InitializePlatformSupportModulesInManaged (2ms)
			SetLoadedEditorAssemblies (6ms)
			BeforeProcessingInitializeOnLoad (172ms)
			ProcessInitializeOnLoadAttributes (560ms)
			ProcessInitializeOnLoadMethodAttributes (35ms)
			AfterProcessingInitializeOnLoad (5ms)
			EditorAssembliesLoaded (0ms)
		ExecutionOrderSort2 (0ms)
		AwakeInstancesAfterBackupRestoration (15ms)
WARNING: Shader Unsupported: 'Hidden/Builtin_TerrainVisualization' - All subshaders removed
WARNING: Shader Did you use #pragma only_renderers and omit this platform?
WARNING: Shader If subshaders removal was intentional, you may have forgotten turning Fallback off?
WARNING: Shader Unsupported: 'Hidden/Builtin_TerrainVisualization' - All subshaders removed
WARNING: Shader Did you use #pragma only_renderers and omit this platform?
WARNING: Shader If subshaders removal was intentional, you may have forgotten turning Fallback off?
Refreshing native plugins compatible for Editor in 1.10 ms, found 4 plugins.
Preloading 0 native plugins for Editor in 0.00 ms.
Unloading 87 Unused Serialized files (Serialized files now loaded: 0)
Unloading 7505 unused Assets / (12.7 MB). Loaded Objects now: 8179.
Memory consumption went from 167.4 MB to 154.7 MB.
Total: 11.877500 ms (FindLiveObjects: 0.800700 ms CreateObjectMapping: 0.666300 ms MarkObjects: 4.280600 ms  DeleteObjects: 6.129300 ms)

Prepare: number of updated asset objects reloaded= 0
========================================================================
Received Prepare
'Packages/com.unity.cinemachine/Editor/Obsolete/CinemachineVirtualCameraBaseEditor.cs' contains partial class of Unity.Object, exactly 1 of the partial classes needs to be in a file with the same filename. This is to know the one that can be referenced from ie. GameObjects
'Packages/com.unity.cinemachine/Editor/Editors/CinemachineVirtualCameraBaseEditor.cs' contains partial class of Unity.Object, exactly 1 of the partial classes needs to be in a file with the same filename. This is to know the one that can be referenced from ie. GameObjects
WARNING: Shader Unsupported: 'Hidden/Builtin_TerrainVisualization' - All subshaders removed
WARNING: Shader Did you use #pragma only_renderers and omit this platform?
WARNING: Shader If subshaders removal was intentional, you may have forgotten turning Fallback off?
WARNING: Shader Unsupported: 'Hidden/Builtin_TerrainVisualization' - All subshaders removed
WARNING: Shader Did you use #pragma only_renderers and omit this platform?
WARNING: Shader If subshaders removal was intentional, you may have forgotten turning Fallback off?
Refreshing native plugins compatible for Editor in 1.67 ms, found 4 plugins.
Preloading 0 native plugins for Editor in 0.00 ms.
Unloading 87 Unused Serialized files (Serialized files now loaded: 0)
Unloading 7495 unused Assets / (12.5 MB). Loaded Objects now: 8179.
Memory consumption went from 167.5 MB to 155.0 MB.
Total: 14.536200 ms (FindLiveObjects: 1.264400 ms CreateObjectMapping: 0.771200 ms MarkObjects: 5.495600 ms  DeleteObjects: 7.004100 ms)

Prepare: number of updated asset objects reloaded= 0
========================================================================
Received Import Request.
  Time since last request: 39.519301 seconds.
  path: Assets/Scripts/ArmaAirsoft.cs
  artifactKey: Guid(11566abe6c06ac04dbc20b46c8b168ca) Importer(2089858483,192608db42251d675da83286b1cce702)
Start importing Assets/Scripts/ArmaAirsoft.cs using Guid(11566abe6c06ac04dbc20b46c8b168ca) Importer(2089858483,192608db42251d675da83286b1cce702) (ScriptedImporter) -> (artifact id: '9ed4d52c4e47fb68d7df898ed1d87c51') in 0.3109333 seconds
Number of updated asset objects reloaded before import = 0Number of asset objects unloaded after import = 0

========================================================================
Received Prepare
'Packages/com.unity.cinemachine/Editor/Obsolete/CinemachineVirtualCameraBaseEditor.cs' contains partial class of Unity.Object, exactly 1 of the partial classes needs to be in a file with the same filename. This is to know the one that can be referenced from ie. GameObjects
'Packages/com.unity.cinemachine/Editor/Editors/CinemachineVirtualCameraBaseEditor.cs' contains partial class of Unity.Object, exactly 1 of the partial classes needs to be in a file with the same filename. This is to know the one that can be referenced from ie. GameObjects
WARNING: Shader Unsupported: 'Hidden/Builtin_TerrainVisualization' - All subshaders removed
WARNING: Shader Did you use #pragma only_renderers and omit this platform?
WARNING: Shader If subshaders removal was intentional, you may have forgotten turning Fallback off?
WARNING: Shader Unsupported: 'Hidden/Builtin_TerrainVisualization' - All subshaders removed
WARNING: Shader Did you use #pragma only_renderers and omit this platform?
WARNING: Shader If subshaders removal was intentional, you may have forgotten turning Fallback off?
Refreshing native plugins compatible for Editor in 1.89 ms, found 4 plugins.
Preloading 0 native plugins for Editor in 0.00 ms.
Unloading 87 Unused Serialized files (Serialized files now loaded: 0)
Unloading 7496 unused Assets / (12.3 MB). Loaded Objects now: 8180.
Memory consumption went from 167.6 MB to 155.3 MB.
Total: 20.766100 ms (FindLiveObjects: 8.640600 ms CreateObjectMapping: 1.127400 ms MarkObjects: 4.775300 ms  DeleteObjects: 6.221400 ms)

Prepare: number of updated asset objects reloaded= 0
========================================================================
Received Import Request.
  Time since last request: 1.368791 seconds.
  path: Assets/Scripts/Carregador.cs
  artifactKey: Guid(e6d39fec43ed0ee48bd6b7050d0bf632) Importer(815301076,1909f56bfc062723c751e8b465ee728b)
Start importing Assets/Scripts/Carregador.cs using Guid(e6d39fec43ed0ee48bd6b7050d0bf632) Importer(815301076,1909f56bfc062723c751e8b465ee728b) (PreviewImporter) -> (artifact id: 'e1a14ded918156f5bccd310880de7bbf') in 0.0095337 seconds
Number of updated asset objects reloaded before import = 0Number of asset objects unloaded after import = 0

========================================================================
Received Prepare
Assembly reference Packages/com.unity.cinemachine/Editor/Samples/ExposeHDRPInternals/HDRP-Editor-ref.asmref has no target assembly definition
Assembly reference Packages/com.unity.cinemachine/Editor/Samples/ExposeHDRPInternals/HDRP-Editor-ref.asmref has no target assembly definition
Begin MonoManager ReloadAssembly
- Loaded All Assemblies, in  0.678 seconds
Assembly reference Packages/com.unity.cinemachine/Editor/Samples/ExposeHDRPInternals/HDRP-Editor-ref.asmref has no target assembly definition
'Packages/com.unity.cinemachine/Editor/Obsolete/CinemachineVirtualCameraBaseEditor.cs' contains partial class of Unity.Object, exactly 1 of the partial classes needs to be in a file with the same filename. This is to know the one that can be referenced from ie. GameObjects
'Packages/com.unity.cinemachine/Editor/Editors/CinemachineVirtualCameraBaseEditor.cs' contains partial class of Unity.Object, exactly 1 of the partial classes needs to be in a file with the same filename. This is to know the one that can be referenced from ie. GameObjects
Refreshing native plugins compatible for Editor in 1.23 ms, found 4 plugins.
Native extension for LinuxStandalone target not found
Native extension for UWP target not found
Native extension for WindowsStandalone target not found
Native extension for WebGL target not found
Assembly reference Packages/com.unity.cinemachine/Editor/Samples/ExposeHDRPInternals/HDRP-Editor-ref.asmref has no target assembly definition
[MODES] ModeService[none].Initialize
[MODES] ModeService[none].LoadModes
[Package Manager] Failed to launch server process. Reason: Unity was launched with the -noUpm command-line argument
[Package Manager] Unable to send message (not connected to server process).
[Package Manager] Cannot connect to Unity Package Manager local server
[Package Manager] Failed to launch server process. Reason: Unity was launched with the -noUpm command-line argument
[Package Manager] Unable to send message (not connected to server process).
[Package Manager] Cannot connect to Unity Package Manager local server
Mono: successfully reloaded assembly
- Finished resetting the current domain, in  0.917 seconds
Domain Reload Profiling: 1596ms
	BeginReloadAssembly (205ms)
		ExecutionOrderSort (0ms)
		DisableScriptedObjects (7ms)
		BackupInstance (0ms)
		ReleaseScriptingObjects (0ms)
		CreateAndSetChildDomain (58ms)
	RebuildCommonClasses (31ms)
	RebuildNativeTypeToScriptingClass (9ms)
	initialDomainReloadingComplete (21ms)
	LoadAllAssembliesAndSetupDomain (414ms)
		LoadAssemblies (335ms)
		RebuildTransferFunctionScriptingTraits (0ms)
		AnalyzeDomain (168ms)
			TypeCache.Refresh (7ms)
				TypeCache.ScanAssembly (0ms)
			BuildScriptInfoCaches (150ms)
			ResolveRequiredComponents (8ms)
	FinalizeReload (917ms)
		ReleaseScriptCaches (0ms)
		RebuildScriptCaches (0ms)
		SetupLoadedEditorAssemblies (746ms)
			LogAssemblyErrors (0ms)
			InitializePlatformSupportModulesInManaged (2ms)
			SetLoadedEditorAssemblies (6ms)
			BeforeProcessingInitializeOnLoad (178ms)
			ProcessInitializeOnLoadAttributes (513ms)
			ProcessInitializeOnLoadMethodAttributes (41ms)
			AfterProcessingInitializeOnLoad (5ms)
			EditorAssembliesLoaded (0ms)
		ExecutionOrderSort2 (0ms)
		AwakeInstancesAfterBackupRestoration (15ms)
WARNING: Shader Unsupported: 'Hidden/Builtin_TerrainVisualization' - All subshaders removed
WARNING: Shader Did you use #pragma only_renderers and omit this platform?
WARNING: Shader If subshaders removal was intentional, you may have forgotten turning Fallback off?
WARNING: Shader Unsupported: 'Hidden/Builtin_TerrainVisualization' - All subshaders removed
WARNING: Shader Did you use #pragma only_renderers and omit this platform?
WARNING: Shader If subshaders removal was intentional, you may have forgotten turning Fallback off?
Refreshing native plugins compatible for Editor in 1.44 ms, found 4 plugins.
Preloading 0 native plugins for Editor in 0.00 ms.
Unloading 87 Unused Serialized files (Serialized files now loaded: 0)
Unloading 7506 unused Assets / (12.7 MB). Loaded Objects now: 8184.
Memory consumption went from 167.4 MB to 154.8 MB.
Total: 12.992900 ms (FindLiveObjects: 0.852900 ms CreateObjectMapping: 0.508400 ms MarkObjects: 5.328800 ms  DeleteObjects: 6.301800 ms)

Prepare: number of updated asset objects reloaded= 0
========================================================================
Received Import Request.
  Time since last request: 23.686453 seconds.
  path: Assets/Scripts/Carregador.cs
  artifactKey: Guid(e6d39fec43ed0ee48bd6b7050d0bf632) Importer(815301076,1909f56bfc062723c751e8b465ee728b)
Start importing Assets/Scripts/Carregador.cs using Guid(e6d39fec43ed0ee48bd6b7050d0bf632) Importer(815301076,1909f56bfc062723c751e8b465ee728b) (PreviewImporter) -> (artifact id: '00000000000000000000000000000000') in 0.0048252 seconds
Import Error Code:(4)
Message: Build asset version error: assets/scripts/carregador.cs in SourceAssetDB has modification time of '2025-10-10T00:20:26.4681971Z' while content on disk has modification time of '2025-10-10T00:20:34.1275039Z'
  ERROR: Build asset version error: assets/scripts/carregador.cs in SourceAssetDB has modification time of '2025-10-10T00:20:26.4681971Z' while content on disk has modification time of '2025-10-10T00:20:34.1275039Z'
Number of updated asset objects reloaded before import = 0Number of asset objects unloaded after import = 0

========================================================================
Received Import Request.
  Time since last request: 0.000014 seconds.
  path: Assets/Scripts/Carregador.cs
  artifactKey: Guid(e6d39fec43ed0ee48bd6b7050d0bf632) Importer(815301076,1909f56bfc062723c751e8b465ee728b)
Start importing Assets/Scripts/Carregador.cs using Guid(e6d39fec43ed0ee48bd6b7050d0bf632) Importer(815301076,1909f56bfc062723c751e8b465ee728b) (PreviewImporter) -> (artifact id: '00000000000000000000000000000000') in 0.0004404 seconds
Import Error Code:(4)
Message: Build asset version error: assets/scripts/carregador.cs in SourceAssetDB has modification time of '2025-10-10T00:20:26.4681971Z' while content on disk has modification time of '2025-10-10T00:20:34.1275039Z'
  ERROR: Build asset version error: assets/scripts/carregador.cs in SourceAssetDB has modification time of '2025-10-10T00:20:26.4681971Z' while content on disk has modification time of '2025-10-10T00:20:34.1275039Z'
Number of updated asset objects reloaded before import = 0Number of asset objects unloaded after import = 0

========================================================================
Received Import Request.
  Time since last request: 0.000013 seconds.
  path: Assets/Scripts/Carregador.cs
  artifactKey: Guid(e6d39fec43ed0ee48bd6b7050d0bf632) Importer(815301076,1909f56bfc062723c751e8b465ee728b)
Start importing Assets/Scripts/Carregador.cs using Guid(e6d39fec43ed0ee48bd6b7050d0bf632) Importer(815301076,1909f56bfc062723c751e8b465ee728b) (PreviewImporter) -> (artifact id: '00000000000000000000000000000000') in 0.0004522 seconds
Import Error Code:(4)
Message: Build asset version error: assets/scripts/carregador.cs in SourceAssetDB has modification time of '2025-10-10T00:20:26.4681971Z' while content on disk has modification time of '2025-10-10T00:20:34.1275039Z'
  ERROR: Build asset version error: assets/scripts/carregador.cs in SourceAssetDB has modification time of '2025-10-10T00:20:26.4681971Z' while content on disk has modification time of '2025-10-10T00:20:34.1275039Z'
Number of updated asset objects reloaded before import = 0Number of asset objects unloaded after import = 0

========================================================================
Received Import Request.
  Time since last request: 0.000011 seconds.
  path: Assets/Scripts/Carregador.cs
  artifactKey: Guid(e6d39fec43ed0ee48bd6b7050d0bf632) Importer(815301076,1909f56bfc062723c751e8b465ee728b)
Start importing Assets/Scripts/Carregador.cs using Guid(e6d39fec43ed0ee48bd6b7050d0bf632) Importer(815301076,1909f56bfc062723c751e8b465ee728b) (PreviewImporter) -> (artifact id: '00000000000000000000000000000000') in 0.0004109 seconds
Import Error Code:(4)
Message: Build asset version error: assets/scripts/carregador.cs in SourceAssetDB has modification time of '2025-10-10T00:20:26.4681971Z' while content on disk has modification time of '2025-10-10T00:20:34.1275039Z'
  ERROR: Build asset version error: assets/scripts/carregador.cs in SourceAssetDB has modification time of '2025-10-10T00:20:26.4681971Z' while content on disk has modification time of '2025-10-10T00:20:34.1275039Z'
Number of updated asset objects reloaded before import = 0Number of asset objects unloaded after import = 0

========================================================================
Received Import Request.
  Time since last request: 0.000011 seconds.
  path: Assets/Scripts/Carregador.cs
  artifactKey: Guid(e6d39fec43ed0ee48bd6b7050d0bf632) Importer(815301076,1909f56bfc062723c751e8b465ee728b)
Start importing Assets/Scripts/Carregador.cs using Guid(e6d39fec43ed0ee48bd6b7050d0bf632) Importer(815301076,1909f56bfc062723c751e8b465ee728b) (PreviewImporter) -> (artifact id: '00000000000000000000000000000000') in 0.0003885 seconds
Import Error Code:(4)
Message: Build asset version error: assets/scripts/carregador.cs in SourceAssetDB has modification time of '2025-10-10T00:20:26.4681971Z' while content on disk has modification time of '2025-10-10T00:20:34.1275039Z'
  ERROR: Build asset version error: assets/scripts/carregador.cs in SourceAssetDB has modification time of '2025-10-10T00:20:26.4681971Z' while content on disk has modification time of '2025-10-10T00:20:34.1275039Z'
Number of updated asset objects reloaded before import = 0Number of asset objects unloaded after import = 0

========================================================================
Received Import Request.
  Time since last request: 0.000013 seconds.
  path: Assets/Scripts/Carregador.cs
  artifactKey: Guid(e6d39fec43ed0ee48bd6b7050d0bf632) Importer(815301076,1909f56bfc062723c751e8b465ee728b)
Start importing Assets/Scripts/Carregador.cs using Guid(e6d39fec43ed0ee48bd6b7050d0bf632) Importer(815301076,1909f56bfc062723c751e8b465ee728b) (PreviewImporter) -> (artifact id: '00000000000000000000000000000000') in 0.000407 seconds
Import Error Code:(4)
Message: Build asset version error: assets/scripts/carregador.cs in SourceAssetDB has modification time of '2025-10-10T00:20:26.4681971Z' while content on disk has modification time of '2025-10-10T00:20:34.1275039Z'
  ERROR: Build asset version error: assets/scripts/carregador.cs in SourceAssetDB has modification time of '2025-10-10T00:20:26.4681971Z' while content on disk has modification time of '2025-10-10T00:20:34.1275039Z'
Number of updated asset objects reloaded before import = 0Number of asset objects unloaded after import = 0

========================================================================
Received Import Request.
  Time since last request: 0.000013 seconds.
  path: Assets/Scripts/Carregador.cs
  artifactKey: Guid(e6d39fec43ed0ee48bd6b7050d0bf632) Importer(815301076,1909f56bfc062723c751e8b465ee728b)
Start importing Assets/Scripts/Carregador.cs using Guid(e6d39fec43ed0ee48bd6b7050d0bf632) Importer(815301076,1909f56bfc062723c751e8b465ee728b) (PreviewImporter) -> (artifact id: '00000000000000000000000000000000') in 0.000453 seconds
Import Error Code:(4)
Message: Build asset version error: assets/scripts/carregador.cs in SourceAssetDB has modification time of '2025-10-10T00:20:26.4681971Z' while content on disk has modification time of '2025-10-10T00:20:34.1275039Z'
  ERROR: Build asset version error: assets/scripts/carregador.cs in SourceAssetDB has modification time of '2025-10-10T00:20:26.4681971Z' while content on disk has modification time of '2025-10-10T00:20:34.1275039Z'
Number of updated asset objects reloaded before import = 0Number of asset objects unloaded after import = 0

========================================================================
Received Import Request.
  Time since last request: 0.000012 seconds.
  path: Assets/Scripts/Carregador.cs
  artifactKey: Guid(e6d39fec43ed0ee48bd6b7050d0bf632) Importer(815301076,1909f56bfc062723c751e8b465ee728b)
Start importing Assets/Scripts/Carregador.cs using Guid(e6d39fec43ed0ee48bd6b7050d0bf632) Importer(815301076,1909f56bfc062723c751e8b465ee728b) (PreviewImporter) -> (artifact id: '00000000000000000000000000000000') in 0.0003988 seconds
Import Error Code:(4)
Message: Build asset version error: assets/scripts/carregador.cs in SourceAssetDB has modification time of '2025-10-10T00:20:26.4681971Z' while content on disk has modification time of '2025-10-10T00:20:34.1275039Z'
  ERROR: Build asset version error: assets/scripts/carregador.cs in SourceAssetDB has modification time of '2025-10-10T00:20:26.4681971Z' while content on disk has modification time of '2025-10-10T00:20:34.1275039Z'
Number of updated asset objects reloaded before import = 0Number of asset objects unloaded after import = 0

========================================================================
Received Import Request.
  Time since last request: 0.000013 seconds.
  path: Assets/Scripts/Carregador.cs
  artifactKey: Guid(e6d39fec43ed0ee48bd6b7050d0bf632) Importer(815301076,1909f56bfc062723c751e8b465ee728b)
Start importing Assets/Scripts/Carregador.cs using Guid(e6d39fec43ed0ee48bd6b7050d0bf632) Importer(815301076,1909f56bfc062723c751e8b465ee728b) (PreviewImporter) -> (artifact id: '00000000000000000000000000000000') in 0.0004224 seconds
Import Error Code:(4)
Message: Build asset version error: assets/scripts/carregador.cs in SourceAssetDB has modification time of '2025-10-10T00:20:26.4681971Z' while content on disk has modification time of '2025-10-10T00:20:34.1275039Z'
  ERROR: Build asset version error: assets/scripts/carregador.cs in SourceAssetDB has modification time of '2025-10-10T00:20:26.4681971Z' while content on disk has modification time of '2025-10-10T00:20:34.1275039Z'
Number of updated asset objects reloaded before import = 0Number of asset objects unloaded after import = 0

========================================================================
Received Import Request.
  Time since last request: 0.000021 seconds.
  path: Assets/Scripts/Carregador.cs
  artifactKey: Guid(e6d39fec43ed0ee48bd6b7050d0bf632) Importer(815301076,1909f56bfc062723c751e8b465ee728b)
Start importing Assets/Scripts/Carregador.cs using Guid(e6d39fec43ed0ee48bd6b7050d0bf632) Importer(815301076,1909f56bfc062723c751e8b465ee728b) (PreviewImporter) -> (artifact id: '00000000000000000000000000000000') in 0.0004484 seconds
Import Error Code:(4)
Message: Build asset version error: assets/scripts/carregador.cs in SourceAssetDB has modification time of '2025-10-10T00:20:26.4681971Z' while content on disk has modification time of '2025-10-10T00:20:34.1275039Z'
  ERROR: Build asset version error: assets/scripts/carregador.cs in SourceAssetDB has modification time of '2025-10-10T00:20:26.4681971Z' while content on disk has modification time of '2025-10-10T00:20:34.1275039Z'
Number of updated asset objects reloaded before import = 0Number of asset objects unloaded after import = 0

========================================================================
Received Import Request.
  Time since last request: 0.000013 seconds.
  path: Assets/Scripts/Carregador.cs
  artifactKey: Guid(e6d39fec43ed0ee48bd6b7050d0bf632) Importer(815301076,1909f56bfc062723c751e8b465ee728b)
Start importing Assets/Scripts/Carregador.cs using Guid(e6d39fec43ed0ee48bd6b7050d0bf632) Importer(815301076,1909f56bfc062723c751e8b465ee728b) (PreviewImporter) -> (artifact id: '00000000000000000000000000000000') in 0.0005249 seconds
Import Error Code:(4)
Message: Build asset version error: assets/scripts/carregador.cs in SourceAssetDB has modification time of '2025-10-10T00:20:26.4681971Z' while content on disk has modification time of '2025-10-10T00:20:34.1275039Z'
  ERROR: Build asset version error: assets/scripts/carregador.cs in SourceAssetDB has modification time of '2025-10-10T00:20:26.4681971Z' while content on disk has modification time of '2025-10-10T00:20:34.1275039Z'
Number of updated asset objects reloaded before import = 0Number of asset objects unloaded after import = 0

========================================================================
Received Import Request.
  Time since last request: 0.000013 seconds.
  path: Assets/Scripts/Carregador.cs
  artifactKey: Guid(e6d39fec43ed0ee48bd6b7050d0bf632) Importer(815301076,1909f56bfc062723c751e8b465ee728b)
Start importing Assets/Scripts/Carregador.cs using Guid(e6d39fec43ed0ee48bd6b7050d0bf632) Importer(815301076,1909f56bfc062723c751e8b465ee728b) (PreviewImporter) -> (artifact id: '00000000000000000000000000000000') in 0.0004596 seconds
Import Error Code:(4)
Message: Build asset version error: assets/scripts/carregador.cs in SourceAssetDB has modification time of '2025-10-10T00:20:26.4681971Z' while content on disk has modification time of '2025-10-10T00:20:34.1275039Z'
  ERROR: Build asset version error: assets/scripts/carregador.cs in SourceAssetDB has modification time of '2025-10-10T00:20:26.4681971Z' while content on disk has modification time of '2025-10-10T00:20:34.1275039Z'
Number of updated asset objects reloaded before import = 0Number of asset objects unloaded after import = 0

========================================================================
Received Import Request.
  Time since last request: 0.000013 seconds.
  path: Assets/Scripts/Carregador.cs
  artifactKey: Guid(e6d39fec43ed0ee48bd6b7050d0bf632) Importer(815301076,1909f56bfc062723c751e8b465ee728b)
Start importing Assets/Scripts/Carregador.cs using Guid(e6d39fec43ed0ee48bd6b7050d0bf632) Importer(815301076,1909f56bfc062723c751e8b465ee728b) (PreviewImporter) -> (artifact id: '00000000000000000000000000000000') in 0.0004797 seconds
Import Error Code:(4)
Message: Build asset version error: assets/scripts/carregador.cs in SourceAssetDB has modification time of '2025-10-10T00:20:26.4681971Z' while content on disk has modification time of '2025-10-10T00:20:34.1275039Z'
  ERROR: Build asset version error: assets/scripts/carregador.cs in SourceAssetDB has modification time of '2025-10-10T00:20:26.4681971Z' while content on disk has modification time of '2025-10-10T00:20:34.1275039Z'
Number of updated asset objects reloaded before import = 0Number of asset objects unloaded after import = 0

========================================================================
Received Import Request.
  Time since last request: 0.000015 seconds.
  path: Assets/Scripts/Carregador.cs
  artifactKey: Guid(e6d39fec43ed0ee48bd6b7050d0bf632) Importer(815301076,1909f56bfc062723c751e8b465ee728b)
Start importing Assets/Scripts/Carregador.cs using Guid(e6d39fec43ed0ee48bd6b7050d0bf632) Importer(815301076,1909f56bfc062723c751e8b465ee728b) (PreviewImporter) -> (artifact id: '00000000000000000000000000000000') in 0.0005039 seconds
Import Error Code:(4)
Message: Build asset version error: assets/scripts/carregador.cs in SourceAssetDB has modification time of '2025-10-10T00:20:26.4681971Z' while content on disk has modification time of '2025-10-10T00:20:34.1275039Z'
  ERROR: Build asset version error: assets/scripts/carregador.cs in SourceAssetDB has modification time of '2025-10-10T00:20:26.4681971Z' while content on disk has modification time of '2025-10-10T00:20:34.1275039Z'
Number of updated asset objects reloaded before import = 0Number of asset objects unloaded after import = 0

========================================================================
Received Import Request.
  Time since last request: 0.000015 seconds.
  path: Assets/Scripts/Carregador.cs
  artifactKey: Guid(e6d39fec43ed0ee48bd6b7050d0bf632) Importer(815301076,1909f56bfc062723c751e8b465ee728b)
Start importing Assets/Scripts/Carregador.cs using Guid(e6d39fec43ed0ee48bd6b7050d0bf632) Importer(815301076,1909f56bfc062723c751e8b465ee728b) (PreviewImporter) -> (artifact id: '00000000000000000000000000000000') in 0.0004253 seconds
Import Error Code:(4)
Message: Build asset version error: assets/scripts/carregador.cs in SourceAssetDB has modification time of '2025-10-10T00:20:26.4681971Z' while content on disk has modification time of '2025-10-10T00:20:34.1275039Z'
  ERROR: Build asset version error: assets/scripts/carregador.cs in SourceAssetDB has modification time of '2025-10-10T00:20:26.4681971Z' while content on disk has modification time of '2025-10-10T00:20:34.1275039Z'
Number of updated asset objects reloaded before import = 0Number of asset objects unloaded after import = 0

========================================================================
Received Import Request.
  Time since last request: 0.000014 seconds.
  path: Assets/Scripts/Carregador.cs
  artifactKey: Guid(e6d39fec43ed0ee48bd6b7050d0bf632) Importer(815301076,1909f56bfc062723c751e8b465ee728b)
Start importing Assets/Scripts/Carregador.cs using Guid(e6d39fec43ed0ee48bd6b7050d0bf632) Importer(815301076,1909f56bfc062723c751e8b465ee728b) (PreviewImporter) -> (artifact id: '00000000000000000000000000000000') in 0.0004175 seconds
Import Error Code:(4)
Message: Build asset version error: assets/scripts/carregador.cs in SourceAssetDB has modification time of '2025-10-10T00:20:26.4681971Z' while content on disk has modification time of '2025-10-10T00:20:34.1275039Z'
  ERROR: Build asset version error: assets/scripts/carregador.cs in SourceAssetDB has modification time of '2025-10-10T00:20:26.4681971Z' while content on disk has modification time of '2025-10-10T00:20:34.1275039Z'
Number of updated asset objects reloaded before import = 0Number of asset objects unloaded after import = 0

========================================================================
Received Import Request.
  Time since last request: 0.000014 seconds.
  path: Assets/Scripts/Carregador.cs
  artifactKey: Guid(e6d39fec43ed0ee48bd6b7050d0bf632) Importer(815301076,1909f56bfc062723c751e8b465ee728b)
Start importing Assets/Scripts/Carregador.cs using Guid(e6d39fec43ed0ee48bd6b7050d0bf632) Importer(815301076,1909f56bfc062723c751e8b465ee728b) (PreviewImporter) -> (artifact id: '00000000000000000000000000000000') in 0.0004853 seconds
Import Error Code:(4)
Message: Build asset version error: assets/scripts/carregador.cs in SourceAssetDB has modification time of '2025-10-10T00:20:26.4681971Z' while content on disk has modification time of '2025-10-10T00:20:34.1275039Z'
  ERROR: Build asset version error: assets/scripts/carregador.cs in SourceAssetDB has modification time of '2025-10-10T00:20:26.4681971Z' while content on disk has modification time of '2025-10-10T00:20:34.1275039Z'
Number of updated asset objects reloaded before import = 0Number of asset objects unloaded after import = 0

========================================================================
Received Import Request.
  Time since last request: 0.000015 seconds.
  path: Assets/Scripts/Carregador.cs
  artifactKey: Guid(e6d39fec43ed0ee48bd6b7050d0bf632) Importer(815301076,1909f56bfc062723c751e8b465ee728b)
Start importing Assets/Scripts/Carregador.cs using Guid(e6d39fec43ed0ee48bd6b7050d0bf632) Importer(815301076,1909f56bfc062723c751e8b465ee728b) (PreviewImporter) -> (artifact id: '00000000000000000000000000000000') in 0.0004785 seconds
Import Error Code:(4)
Message: Build asset version error: assets/scripts/carregador.cs in SourceAssetDB has modification time of '2025-10-10T00:20:26.4681971Z' while content on disk has modification time of '2025-10-10T00:20:34.1275039Z'
  ERROR: Build asset version error: assets/scripts/carregador.cs in SourceAssetDB has modification time of '2025-10-10T00:20:26.4681971Z' while content on disk has modification time of '2025-10-10T00:20:34.1275039Z'
Number of updated asset objects reloaded before import = 0Number of asset objects unloaded after import = 0

========================================================================
Received Import Request.
  Time since last request: 0.000022 seconds.
  path: Assets/Scripts/Carregador.cs
  artifactKey: Guid(e6d39fec43ed0ee48bd6b7050d0bf632) Importer(815301076,1909f56bfc062723c751e8b465ee728b)
Start importing Assets/Scripts/Carregador.cs using Guid(e6d39fec43ed0ee48bd6b7050d0bf632) Importer(815301076,1909f56bfc062723c751e8b465ee728b) (PreviewImporter) -> (artifact id: '00000000000000000000000000000000') in 0.0004869 seconds
Import Error Code:(4)
Message: Build asset version error: assets/scripts/carregador.cs in SourceAssetDB has modification time of '2025-10-10T00:20:26.4681971Z' while content on disk has modification time of '2025-10-10T00:20:34.1275039Z'
  ERROR: Build asset version error: assets/scripts/carregador.cs in SourceAssetDB has modification time of '2025-10-10T00:20:26.4681971Z' while content on disk has modification time of '2025-10-10T00:20:34.1275039Z'
Number of updated asset objects reloaded before import = 0Number of asset objects unloaded after import = 0

========================================================================
Received Import Request.
  Time since last request: 0.000010 seconds.
  path: Assets/Scripts/Carregador.cs
  artifactKey: Guid(e6d39fec43ed0ee48bd6b7050d0bf632) Importer(815301076,1909f56bfc062723c751e8b465ee728b)
Start importing Assets/Scripts/Carregador.cs using Guid(e6d39fec43ed0ee48bd6b7050d0bf632) Importer(815301076,1909f56bfc062723c751e8b465ee728b) (PreviewImporter) -> (artifact id: '00000000000000000000000000000000') in 0.0004781 seconds
Import Error Code:(4)
Message: Build asset version error: assets/scripts/carregador.cs in SourceAssetDB has modification time of '2025-10-10T00:20:26.4681971Z' while content on disk has modification time of '2025-10-10T00:20:34.1275039Z'
  ERROR: Build asset version error: assets/scripts/carregador.cs in SourceAssetDB has modification time of '2025-10-10T00:20:26.4681971Z' while content on disk has modification time of '2025-10-10T00:20:34.1275039Z'
Number of updated asset objects reloaded before import = 0Number of asset objects unloaded after import = 0

========================================================================
Received Import Request.
  Time since last request: 0.000013 seconds.
  path: Assets/Scripts/Carregador.cs
  artifactKey: Guid(e6d39fec43ed0ee48bd6b7050d0bf632) Importer(815301076,1909f56bfc062723c751e8b465ee728b)
Start importing Assets/Scripts/Carregador.cs using Guid(e6d39fec43ed0ee48bd6b7050d0bf632) Importer(815301076,1909f56bfc062723c751e8b465ee728b) (PreviewImporter) -> (artifact id: '00000000000000000000000000000000') in 0.0003628 seconds
Import Error Code:(4)
Message: Build asset version error: assets/scripts/carregador.cs in SourceAssetDB has modification time of '2025-10-10T00:20:26.4681971Z' while content on disk has modification time of '2025-10-10T00:20:34.1275039Z'
  ERROR: Build asset version error: assets/scripts/carregador.cs in SourceAssetDB has modification time of '2025-10-10T00:20:26.4681971Z' while content on disk has modification time of '2025-10-10T00:20:34.1275039Z'
Number of updated asset objects reloaded before import = 0Number of asset objects unloaded after import = 0

========================================================================
Received Import Request.
  Time since last request: 0.000015 seconds.
  path: Assets/Scripts/Carregador.cs
  artifactKey: Guid(e6d39fec43ed0ee48bd6b7050d0bf632) Importer(815301076,1909f56bfc062723c751e8b465ee728b)
Start importing Assets/Scripts/Carregador.cs using Guid(e6d39fec43ed0ee48bd6b7050d0bf632) Importer(815301076,1909f56bfc062723c751e8b465ee728b) (PreviewImporter) -> (artifact id: '00000000000000000000000000000000') in 0.0004859 seconds
Import Error Code:(4)
Message: Build asset version error: assets/scripts/carregador.cs in SourceAssetDB has modification time of '2025-10-10T00:20:26.4681971Z' while content on disk has modification time of '2025-10-10T00:20:34.1275039Z'
  ERROR: Build asset version error: assets/scripts/carregador.cs in SourceAssetDB has modification time of '2025-10-10T00:20:26.4681971Z' while content on disk has modification time of '2025-10-10T00:20:34.1275039Z'
Number of updated asset objects reloaded before import = 0Number of asset objects unloaded after import = 0

========================================================================
Received Import Request.
  Time since last request: 0.000012 seconds.
  path: Assets/Scripts/Carregador.cs
  artifactKey: Guid(e6d39fec43ed0ee48bd6b7050d0bf632) Importer(815301076,1909f56bfc062723c751e8b465ee728b)
Start importing Assets/Scripts/Carregador.cs using Guid(e6d39fec43ed0ee48bd6b7050d0bf632) Importer(815301076,1909f56bfc062723c751e8b465ee728b) (PreviewImporter) -> (artifact id: '00000000000000000000000000000000') in 0.0005013 seconds
Import Error Code:(4)
Message: Build asset version error: assets/scripts/carregador.cs in SourceAssetDB has modification time of '2025-10-10T00:20:26.4681971Z' while content on disk has modification time of '2025-10-10T00:20:34.1275039Z'
  ERROR: Build asset version error: assets/scripts/carregador.cs in SourceAssetDB has modification time of '2025-10-10T00:20:26.4681971Z' while content on disk has modification time of '2025-10-10T00:20:34.1275039Z'
Number of updated asset objects reloaded before import = 0Number of asset objects unloaded after import = 0

========================================================================
Received Import Request.
  Time since last request: 0.000012 seconds.
  path: Assets/Scripts/Carregador.cs
  artifactKey: Guid(e6d39fec43ed0ee48bd6b7050d0bf632) Importer(815301076,1909f56bfc062723c751e8b465ee728b)
Start importing Assets/Scripts/Carregador.cs using Guid(e6d39fec43ed0ee48bd6b7050d0bf632) Importer(815301076,1909f56bfc062723c751e8b465ee728b) (PreviewImporter) -> (artifact id: '00000000000000000000000000000000') in 0.0004253 seconds
Import Error Code:(4)
Message: Build asset version error: assets/scripts/carregador.cs in SourceAssetDB has modification time of '2025-10-10T00:20:26.4681971Z' while content on disk has modification time of '2025-10-10T00:20:34.1275039Z'
  ERROR: Build asset version error: assets/scripts/carregador.cs in SourceAssetDB has modification time of '2025-10-10T00:20:26.4681971Z' while content on disk has modification time of '2025-10-10T00:20:34.1275039Z'
Number of updated asset objects reloaded before import = 0Number of asset objects unloaded after import = 0

========================================================================
Received Import Request.
  Time since last request: 0.000015 seconds.
  path: Assets/Scripts/Carregador.cs
  artifactKey: Guid(e6d39fec43ed0ee48bd6b7050d0bf632) Importer(815301076,1909f56bfc062723c751e8b465ee728b)
Start importing Assets/Scripts/Carregador.cs using Guid(e6d39fec43ed0ee48bd6b7050d0bf632) Importer(815301076,1909f56bfc062723c751e8b465ee728b) (PreviewImporter) -> (artifact id: '00000000000000000000000000000000') in 0.0004038 seconds
Import Error Code:(4)
Message: Build asset version error: assets/scripts/carregador.cs in SourceAssetDB has modification time of '2025-10-10T00:20:26.4681971Z' while content on disk has modification time of '2025-10-10T00:20:34.1275039Z'
  ERROR: Build asset version error: assets/scripts/carregador.cs in SourceAssetDB has modification time of '2025-10-10T00:20:26.4681971Z' while content on disk has modification time of '2025-10-10T00:20:34.1275039Z'
Number of updated asset objects reloaded before import = 0Number of asset objects unloaded after import = 0

========================================================================
Received Import Request.
  Time since last request: 0.000013 seconds.
  path: Assets/Scripts/Carregador.cs
  artifactKey: Guid(e6d39fec43ed0ee48bd6b7050d0bf632) Importer(815301076,1909f56bfc062723c751e8b465ee728b)
Start importing Assets/Scripts/Carregador.cs using Guid(e6d39fec43ed0ee48bd6b7050d0bf632) Importer(815301076,1909f56bfc062723c751e8b465ee728b) (PreviewImporter) -> (artifact id: '00000000000000000000000000000000') in 0.0004474 seconds
Import Error Code:(4)
Message: Build asset version error: assets/scripts/carregador.cs in SourceAssetDB has modification time of '2025-10-10T00:20:26.4681971Z' while content on disk has modification time of '2025-10-10T00:20:34.1275039Z'
  ERROR: Build asset version error: assets/scripts/carregador.cs in SourceAssetDB has modification time of '2025-10-10T00:20:26.4681971Z' while content on disk has modification time of '2025-10-10T00:20:34.1275039Z'
Number of updated asset objects reloaded before import = 0Number of asset objects unloaded after import = 0

========================================================================
Received Import Request.
  Time since last request: 0.000016 seconds.
  path: Assets/Scripts/Carregador.cs
  artifactKey: Guid(e6d39fec43ed0ee48bd6b7050d0bf632) Importer(815301076,1909f56bfc062723c751e8b465ee728b)
Start importing Assets/Scripts/Carregador.cs using Guid(e6d39fec43ed0ee48bd6b7050d0bf632) Importer(815301076,1909f56bfc062723c751e8b465ee728b) (PreviewImporter) -> (artifact id: '00000000000000000000000000000000') in 0.0007762 seconds
Import Error Code:(4)
Message: Build asset version error: assets/scripts/carregador.cs in SourceAssetDB has modification time of '2025-10-10T00:20:26.4681971Z' while content on disk has modification time of '2025-10-10T00:20:34.1275039Z'
  ERROR: Build asset version error: assets/scripts/carregador.cs in SourceAssetDB has modification time of '2025-10-10T00:20:26.4681971Z' while content on disk has modification time of '2025-10-10T00:20:34.1275039Z'
Number of updated asset objects reloaded before import = 0Number of asset objects unloaded after import = 0

========================================================================
Received Import Request.
  Time since last request: 0.000025 seconds.
  path: Assets/Scripts/Carregador.cs
  artifactKey: Guid(e6d39fec43ed0ee48bd6b7050d0bf632) Importer(815301076,1909f56bfc062723c751e8b465ee728b)
Start importing Assets/Scripts/Carregador.cs using Guid(e6d39fec43ed0ee48bd6b7050d0bf632) Importer(815301076,1909f56bfc062723c751e8b465ee728b) (PreviewImporter) -> (artifact id: '00000000000000000000000000000000') in 0.0005753 seconds
Import Error Code:(4)
Message: Build asset version error: assets/scripts/carregador.cs in SourceAssetDB has modification time of '2025-10-10T00:20:26.4681971Z' while content on disk has modification time of '2025-10-10T00:20:34.1275039Z'
  ERROR: Build asset version error: assets/scripts/carregador.cs in SourceAssetDB has modification time of '2025-10-10T00:20:26.4681971Z' while content on disk has modification time of '2025-10-10T00:20:34.1275039Z'
Number of updated asset objects reloaded before import = 0Number of asset objects unloaded after import = 0

========================================================================
Received Import Request.
  Time since last request: 0.000012 seconds.
  path: Assets/Scripts/Carregador.cs
  artifactKey: Guid(e6d39fec43ed0ee48bd6b7050d0bf632) Importer(815301076,1909f56bfc062723c751e8b465ee728b)
Start importing Assets/Scripts/Carregador.cs using Guid(e6d39fec43ed0ee48bd6b7050d0bf632) Importer(815301076,1909f56bfc062723c751e8b465ee728b) (PreviewImporter) -> (artifact id: '00000000000000000000000000000000') in 0.0003821 seconds
Import Error Code:(4)
Message: Build asset version error: assets/scripts/carregador.cs in SourceAssetDB has modification time of '2025-10-10T00:20:26.4681971Z' while content on disk has modification time of '2025-10-10T00:20:34.1275039Z'
  ERROR: Build asset version error: assets/scripts/carregador.cs in SourceAssetDB has modification time of '2025-10-10T00:20:26.4681971Z' while content on disk has modification time of '2025-10-10T00:20:34.1275039Z'
Number of updated asset objects reloaded before import = 0Number of asset objects unloaded after import = 0

========================================================================
Received Import Request.
  Time since last request: 0.000012 seconds.
  path: Assets/Scripts/Carregador.cs
  artifactKey: Guid(e6d39fec43ed0ee48bd6b7050d0bf632) Importer(815301076,1909f56bfc062723c751e8b465ee728b)
Start importing Assets/Scripts/Carregador.cs using Guid(e6d39fec43ed0ee48bd6b7050d0bf632) Importer(815301076,1909f56bfc062723c751e8b465ee728b) (PreviewImporter) -> (artifact id: '00000000000000000000000000000000') in 0.0004496 seconds
Import Error Code:(4)
Message: Build asset version error: assets/scripts/carregador.cs in SourceAssetDB has modification time of '2025-10-10T00:20:26.4681971Z' while content on disk has modification time of '2025-10-10T00:20:34.1275039Z'
  ERROR: Build asset version error: assets/scripts/carregador.cs in SourceAssetDB has modification time of '2025-10-10T00:20:26.4681971Z' while content on disk has modification time of '2025-10-10T00:20:34.1275039Z'
Number of updated asset objects reloaded before import = 0Number of asset objects unloaded after import = 0

========================================================================
Received Import Request.
  Time since last request: 0.000012 seconds.
  path: Assets/Scripts/Carregador.cs
  artifactKey: Guid(e6d39fec43ed0ee48bd6b7050d0bf632) Importer(815301076,1909f56bfc062723c751e8b465ee728b)
Start importing Assets/Scripts/Carregador.cs using Guid(e6d39fec43ed0ee48bd6b7050d0bf632) Importer(815301076,1909f56bfc062723c751e8b465ee728b) (PreviewImporter) -> (artifact id: '00000000000000000000000000000000') in 0.0005096 seconds
Import Error Code:(4)
Message: Build asset version error: assets/scripts/carregador.cs in SourceAssetDB has modification time of '2025-10-10T00:20:26.4681971Z' while content on disk has modification time of '2025-10-10T00:20:34.1275039Z'
  ERROR: Build asset version error: assets/scripts/carregador.cs in SourceAssetDB has modification time of '2025-10-10T00:20:26.4681971Z' while content on disk has modification time of '2025-10-10T00:20:34.1275039Z'
Number of updated asset objects reloaded before import = 0Number of asset objects unloaded after import = 0

========================================================================
Received Import Request.
  Time since last request: 0.000013 seconds.
  path: Assets/Scripts/Carregador.cs
  artifactKey: Guid(e6d39fec43ed0ee48bd6b7050d0bf632) Importer(815301076,1909f56bfc062723c751e8b465ee728b)
Start importing Assets/Scripts/Carregador.cs using Guid(e6d39fec43ed0ee48bd6b7050d0bf632) Importer(815301076,1909f56bfc062723c751e8b465ee728b) (PreviewImporter) -> (artifact id: '00000000000000000000000000000000') in 0.0006192 seconds
Import Error Code:(4)
Message: Build asset version error: assets/scripts/carregador.cs in SourceAssetDB has modification time of '2025-10-10T00:20:26.4681971Z' while content on disk has modification time of '2025-10-10T00:20:34.1275039Z'
  ERROR: Build asset version error: assets/scripts/carregador.cs in SourceAssetDB has modification time of '2025-10-10T00:20:26.4681971Z' while content on disk has modification time of '2025-10-10T00:20:34.1275039Z'
Number of updated asset objects reloaded before import = 0Number of asset objects unloaded after import = 0

========================================================================
Received Import Request.
  Time since last request: 0.000013 seconds.
  path: Assets/Scripts/Carregador.cs
  artifactKey: Guid(e6d39fec43ed0ee48bd6b7050d0bf632) Importer(815301076,1909f56bfc062723c751e8b465ee728b)
Start importing Assets/Scripts/Carregador.cs using Guid(e6d39fec43ed0ee48bd6b7050d0bf632) Importer(815301076,1909f56bfc062723c751e8b465ee728b) (PreviewImporter) -> (artifact id: '00000000000000000000000000000000') in 0.0004327 seconds
Import Error Code:(4)
Message: Build asset version error: assets/scripts/carregador.cs in SourceAssetDB has modification time of '2025-10-10T00:20:26.4681971Z' while content on disk has modification time of '2025-10-10T00:20:34.1275039Z'
  ERROR: Build asset version error: assets/scripts/carregador.cs in SourceAssetDB has modification time of '2025-10-10T00:20:26.4681971Z' while content on disk has modification time of '2025-10-10T00:20:34.1275039Z'
Number of updated asset objects reloaded before import = 0Number of asset objects unloaded after import = 0

========================================================================
Received Import Request.
  Time since last request: 0.000012 seconds.
  path: Assets/Scripts/Carregador.cs
  artifactKey: Guid(e6d39fec43ed0ee48bd6b7050d0bf632) Importer(815301076,1909f56bfc062723c751e8b465ee728b)
Start importing Assets/Scripts/Carregador.cs using Guid(e6d39fec43ed0ee48bd6b7050d0bf632) Importer(815301076,1909f56bfc062723c751e8b465ee728b) (PreviewImporter) -> (artifact id: '00000000000000000000000000000000') in 0.0006342 seconds
Import Error Code:(4)
Message: Build asset version error: assets/scripts/carregador.cs in SourceAssetDB has modification time of '2025-10-10T00:20:26.4681971Z' while content on disk has modification time of '2025-10-10T00:20:34.1275039Z'
  ERROR: Build asset version error: assets/scripts/carregador.cs in SourceAssetDB has modification time of '2025-10-10T00:20:26.4681971Z' while content on disk has modification time of '2025-10-10T00:20:34.1275039Z'
Number of updated asset objects reloaded before import = 0Number of asset objects unloaded after import = 0

========================================================================
Received Import Request.
  Time since last request: 0.000013 seconds.
  path: Assets/Scripts/Carregador.cs
  artifactKey: Guid(e6d39fec43ed0ee48bd6b7050d0bf632) Importer(815301076,1909f56bfc062723c751e8b465ee728b)
Start importing Assets/Scripts/Carregador.cs using Guid(e6d39fec43ed0ee48bd6b7050d0bf632) Importer(815301076,1909f56bfc062723c751e8b465ee728b) (PreviewImporter) -> (artifact id: '00000000000000000000000000000000') in 0.0004577 seconds
Import Error Code:(4)
Message: Build asset version error: assets/scripts/carregador.cs in SourceAssetDB has modification time of '2025-10-10T00:20:26.4681971Z' while content on disk has modification time of '2025-10-10T00:20:34.1275039Z'
  ERROR: Build asset version error: assets/scripts/carregador.cs in SourceAssetDB has modification time of '2025-10-10T00:20:26.4681971Z' while content on disk has modification time of '2025-10-10T00:20:34.1275039Z'
Number of updated asset objects reloaded before import = 0Number of asset objects unloaded after import = 0

========================================================================
Received Import Request.
  Time since last request: 0.000022 seconds.
  path: Assets/Scripts/Carregador.cs
  artifactKey: Guid(e6d39fec43ed0ee48bd6b7050d0bf632) Importer(815301076,1909f56bfc062723c751e8b465ee728b)
Start importing Assets/Scripts/Carregador.cs using Guid(e6d39fec43ed0ee48bd6b7050d0bf632) Importer(815301076,1909f56bfc062723c751e8b465ee728b) (PreviewImporter) -> (artifact id: '00000000000000000000000000000000') in 0.000705 seconds
Import Error Code:(4)
Message: Build asset version error: assets/scripts/carregador.cs in SourceAssetDB has modification time of '2025-10-10T00:20:26.4681971Z' while content on disk has modification time of '2025-10-10T00:20:34.1275039Z'
  ERROR: Build asset version error: assets/scripts/carregador.cs in SourceAssetDB has modification time of '2025-10-10T00:20:26.4681971Z' while content on disk has modification time of '2025-10-10T00:20:34.1275039Z'
Number of updated asset objects reloaded before import = 0Number of asset objects unloaded after import = 0

========================================================================
Received Import Request.
  Time since last request: 0.000025 seconds.
  path: Assets/Scripts/Carregador.cs
  artifactKey: Guid(e6d39fec43ed0ee48bd6b7050d0bf632) Importer(815301076,1909f56bfc062723c751e8b465ee728b)
Start importing Assets/Scripts/Carregador.cs using Guid(e6d39fec43ed0ee48bd6b7050d0bf632) Importer(815301076,1909f56bfc062723c751e8b465ee728b) (PreviewImporter) -> (artifact id: '00000000000000000000000000000000') in 0.000469 seconds
Import Error Code:(4)
Message: Build asset version error: assets/scripts/carregador.cs in SourceAssetDB has modification time of '2025-10-10T00:20:26.4681971Z' while content on disk has modification time of '2025-10-10T00:20:34.1275039Z'
  ERROR: Build asset version error: assets/scripts/carregador.cs in SourceAssetDB has modification time of '2025-10-10T00:20:26.4681971Z' while content on disk has modification time of '2025-10-10T00:20:34.1275039Z'
Number of updated asset objects reloaded before import = 0Number of asset objects unloaded after import = 0

========================================================================
Received Import Request.
  Time since last request: 0.000013 seconds.
  path: Assets/Scripts/Carregador.cs
  artifactKey: Guid(e6d39fec43ed0ee48bd6b7050d0bf632) Importer(815301076,1909f56bfc062723c751e8b465ee728b)
Start importing Assets/Scripts/Carregador.cs using Guid(e6d39fec43ed0ee48bd6b7050d0bf632) Importer(815301076,1909f56bfc062723c751e8b465ee728b) (PreviewImporter) -> (artifact id: '00000000000000000000000000000000') in 0.0003982 seconds
Import Error Code:(4)
Message: Build asset version error: assets/scripts/carregador.cs in SourceAssetDB has modification time of '2025-10-10T00:20:26.4681971Z' while content on disk has modification time of '2025-10-10T00:20:34.1275039Z'
  ERROR: Build asset version error: assets/scripts/carregador.cs in SourceAssetDB has modification time of '2025-10-10T00:20:26.4681971Z' while content on disk has modification time of '2025-10-10T00:20:34.1275039Z'
Number of updated asset objects reloaded before import = 0Number of asset objects unloaded after import = 0

========================================================================
Received Import Request.
  Time since last request: 0.000013 seconds.
  path: Assets/Scripts/Carregador.cs
  artifactKey: Guid(e6d39fec43ed0ee48bd6b7050d0bf632) Importer(815301076,1909f56bfc062723c751e8b465ee728b)
Start importing Assets/Scripts/Carregador.cs using Guid(e6d39fec43ed0ee48bd6b7050d0bf632) Importer(815301076,1909f56bfc062723c751e8b465ee728b) (PreviewImporter) -> (artifact id: '00000000000000000000000000000000') in 0.0004212 seconds
Import Error Code:(4)
Message: Build asset version error: assets/scripts/carregador.cs in SourceAssetDB has modification time of '2025-10-10T00:20:26.4681971Z' while content on disk has modification time of '2025-10-10T00:20:34.1275039Z'
  ERROR: Build asset version error: assets/scripts/carregador.cs in SourceAssetDB has modification time of '2025-10-10T00:20:26.4681971Z' while content on disk has modification time of '2025-10-10T00:20:34.1275039Z'
Number of updated asset objects reloaded before import = 0Number of asset objects unloaded after import = 0

========================================================================
Received Import Request.
  Time since last request: 0.000014 seconds.
  path: Assets/Scripts/Carregador.cs
  artifactKey: Guid(e6d39fec43ed0ee48bd6b7050d0bf632) Importer(815301076,1909f56bfc062723c751e8b465ee728b)
Start importing Assets/Scripts/Carregador.cs using Guid(e6d39fec43ed0ee48bd6b7050d0bf632) Importer(815301076,1909f56bfc062723c751e8b465ee728b) (PreviewImporter) -> (artifact id: '00000000000000000000000000000000') in 0.0006609 seconds
Import Error Code:(4)
Message: Build asset version error: assets/scripts/carregador.cs in SourceAssetDB has modification time of '2025-10-10T00:20:26.4681971Z' while content on disk has modification time of '2025-10-10T00:20:34.1275039Z'
  ERROR: Build asset version error: assets/scripts/carregador.cs in SourceAssetDB has modification time of '2025-10-10T00:20:26.4681971Z' while content on disk has modification time of '2025-10-10T00:20:34.1275039Z'
Number of updated asset objects reloaded before import = 0Number of asset objects unloaded after import = 0

========================================================================
Received Import Request.
  Time since last request: 0.000013 seconds.
  path: Assets/Scripts/Carregador.cs
  artifactKey: Guid(e6d39fec43ed0ee48bd6b7050d0bf632) Importer(815301076,1909f56bfc062723c751e8b465ee728b)
Start importing Assets/Scripts/Carregador.cs using Guid(e6d39fec43ed0ee48bd6b7050d0bf632) Importer(815301076,1909f56bfc062723c751e8b465ee728b) (PreviewImporter) -> (artifact id: '00000000000000000000000000000000') in 0.0004492 seconds
Import Error Code:(4)
Message: Build asset version error: assets/scripts/carregador.cs in SourceAssetDB has modification time of '2025-10-10T00:20:26.4681971Z' while content on disk has modification time of '2025-10-10T00:20:34.1275039Z'
  ERROR: Build asset version error: assets/scripts/carregador.cs in SourceAssetDB has modification time of '2025-10-10T00:20:26.4681971Z' while content on disk has modification time of '2025-10-10T00:20:34.1275039Z'
Number of updated asset objects reloaded before import = 0Number of asset objects unloaded after import = 0

========================================================================
Received Import Request.
  Time since last request: 0.000021 seconds.
  path: Assets/Scripts/Carregador.cs
  artifactKey: Guid(e6d39fec43ed0ee48bd6b7050d0bf632) Importer(815301076,1909f56bfc062723c751e8b465ee728b)
Start importing Assets/Scripts/Carregador.cs using Guid(e6d39fec43ed0ee48bd6b7050d0bf632) Importer(815301076,1909f56bfc062723c751e8b465ee728b) (PreviewImporter) -> (artifact id: '00000000000000000000000000000000') in 0.0011521 seconds
Import Error Code:(4)
Message: Build asset version error: assets/scripts/carregador.cs in SourceAssetDB has modification time of '2025-10-10T00:20:26.4681971Z' while content on disk has modification time of '2025-10-10T00:20:34.1275039Z'
  ERROR: Build asset version error: assets/scripts/carregador.cs in SourceAssetDB has modification time of '2025-10-10T00:20:26.4681971Z' while content on disk has modification time of '2025-10-10T00:20:34.1275039Z'
Number of updated asset objects reloaded before import = 0Number of asset objects unloaded after import = 0

========================================================================
Received Import Request.
  Time since last request: 0.000013 seconds.
  path: Assets/Scripts/Carregador.cs
  artifactKey: Guid(e6d39fec43ed0ee48bd6b7050d0bf632) Importer(815301076,1909f56bfc062723c751e8b465ee728b)
Start importing Assets/Scripts/Carregador.cs using Guid(e6d39fec43ed0ee48bd6b7050d0bf632) Importer(815301076,1909f56bfc062723c751e8b465ee728b) (PreviewImporter) -> (artifact id: '00000000000000000000000000000000') in 0.0004473 seconds
Import Error Code:(4)
Message: Build asset version error: assets/scripts/carregador.cs in SourceAssetDB has modification time of '2025-10-10T00:20:26.4681971Z' while content on disk has modification time of '2025-10-10T00:20:34.1275039Z'
  ERROR: Build asset version error: assets/scripts/carregador.cs in SourceAssetDB has modification time of '2025-10-10T00:20:26.4681971Z' while content on disk has modification time of '2025-10-10T00:20:34.1275039Z'
Number of updated asset objects reloaded before import = 0Number of asset objects unloaded after import = 0

========================================================================
Received Import Request.
  Time since last request: 0.000015 seconds.
  path: Assets/Scripts/Carregador.cs
  artifactKey: Guid(e6d39fec43ed0ee48bd6b7050d0bf632) Importer(815301076,1909f56bfc062723c751e8b465ee728b)
Start importing Assets/Scripts/Carregador.cs using Guid(e6d39fec43ed0ee48bd6b7050d0bf632) Importer(815301076,1909f56bfc062723c751e8b465ee728b) (PreviewImporter) -> (artifact id: '00000000000000000000000000000000') in 0.0006175 seconds
Import Error Code:(4)
Message: Build asset version error: assets/scripts/carregador.cs in SourceAssetDB has modification time of '2025-10-10T00:20:26.4681971Z' while content on disk has modification time of '2025-10-10T00:20:34.1275039Z'
  ERROR: Build asset version error: assets/scripts/carregador.cs in SourceAssetDB has modification time of '2025-10-10T00:20:26.4681971Z' while content on disk has modification time of '2025-10-10T00:20:34.1275039Z'
Number of updated asset objects reloaded before import = 0Number of asset objects unloaded after import = 0

========================================================================
Received Import Request.
  Time since last request: 0.000025 seconds.
  path: Assets/Scripts/Carregador.cs
  artifactKey: Guid(e6d39fec43ed0ee48bd6b7050d0bf632) Importer(815301076,1909f56bfc062723c751e8b465ee728b)
Start importing Assets/Scripts/Carregador.cs using Guid(e6d39fec43ed0ee48bd6b7050d0bf632) Importer(815301076,1909f56bfc062723c751e8b465ee728b) (PreviewImporter) -> (artifact id: '00000000000000000000000000000000') in 0.0005165 seconds
Import Error Code:(4)
Message: Build asset version error: assets/scripts/carregador.cs in SourceAssetDB has modification time of '2025-10-10T00:20:26.4681971Z' while content on disk has modification time of '2025-10-10T00:20:34.1275039Z'
  ERROR: Build asset version error: assets/scripts/carregador.cs in SourceAssetDB has modification time of '2025-10-10T00:20:26.4681971Z' while content on disk has modification time of '2025-10-10T00:20:34.1275039Z'
Number of updated asset objects reloaded before import = 0Number of asset objects unloaded after import = 0

========================================================================
Received Import Request.
  Time since last request: 0.000013 seconds.
  path: Assets/Scripts/Carregador.cs
  artifactKey: Guid(e6d39fec43ed0ee48bd6b7050d0bf632) Importer(815301076,1909f56bfc062723c751e8b465ee728b)
Start importing Assets/Scripts/Carregador.cs using Guid(e6d39fec43ed0ee48bd6b7050d0bf632) Importer(815301076,1909f56bfc062723c751e8b465ee728b) (PreviewImporter) -> (artifact id: '00000000000000000000000000000000') in 0.0004525 seconds
Import Error Code:(4)
Message: Build asset version error: assets/scripts/carregador.cs in SourceAssetDB has modification time of '2025-10-10T00:20:26.4681971Z' while content on disk has modification time of '2025-10-10T00:20:34.1275039Z'
  ERROR: Build asset version error: assets/scripts/carregador.cs in SourceAssetDB has modification time of '2025-10-10T00:20:26.4681971Z' while content on disk has modification time of '2025-10-10T00:20:34.1275039Z'
Number of updated asset objects reloaded before import = 0Number of asset objects unloaded after import = 0

========================================================================
Received Import Request.
  Time since last request: 0.000013 seconds.
  path: Assets/Scripts/Carregador.cs
  artifactKey: Guid(e6d39fec43ed0ee48bd6b7050d0bf632) Importer(815301076,1909f56bfc062723c751e8b465ee728b)
Start importing Assets/Scripts/Carregador.cs using Guid(e6d39fec43ed0ee48bd6b7050d0bf632) Importer(815301076,1909f56bfc062723c751e8b465ee728b) (PreviewImporter) -> (artifact id: '00000000000000000000000000000000') in 0.0004057 seconds
Import Error Code:(4)
Message: Build asset version error: assets/scripts/carregador.cs in SourceAssetDB has modification time of '2025-10-10T00:20:26.4681971Z' while content on disk has modification time of '2025-10-10T00:20:34.1275039Z'
  ERROR: Build asset version error: assets/scripts/carregador.cs in SourceAssetDB has modification time of '2025-10-10T00:20:26.4681971Z' while content on disk has modification time of '2025-10-10T00:20:34.1275039Z'
Number of updated asset objects reloaded before import = 0Number of asset objects unloaded after import = 0

========================================================================
Received Import Request.
  Time since last request: 0.000013 seconds.
  path: Assets/Scripts/Carregador.cs
  artifactKey: Guid(e6d39fec43ed0ee48bd6b7050d0bf632) Importer(815301076,1909f56bfc062723c751e8b465ee728b)
Start importing Assets/Scripts/Carregador.cs using Guid(e6d39fec43ed0ee48bd6b7050d0bf632) Importer(815301076,1909f56bfc062723c751e8b465ee728b) (PreviewImporter) -> (artifact id: '00000000000000000000000000000000') in 0.0003929 seconds
Import Error Code:(4)
Message: Build asset version error: assets/scripts/carregador.cs in SourceAssetDB has modification time of '2025-10-10T00:20:26.4681971Z' while content on disk has modification time of '2025-10-10T00:20:34.1275039Z'
  ERROR: Build asset version error: assets/scripts/carregador.cs in SourceAssetDB has modification time of '2025-10-10T00:20:26.4681971Z' while content on disk has modification time of '2025-10-10T00:20:34.1275039Z'
Number of updated asset objects reloaded before import = 0Number of asset objects unloaded after import = 0

========================================================================
Received Import Request.
  Time since last request: 0.024420 seconds.
  path: Assets/Scripts/Carregador.cs
  artifactKey: Guid(e6d39fec43ed0ee48bd6b7050d0bf632) Importer(815301076,1909f56bfc062723c751e8b465ee728b)
Start importing Assets/Scripts/Carregador.cs using Guid(e6d39fec43ed0ee48bd6b7050d0bf632) Importer(815301076,1909f56bfc062723c751e8b465ee728b) (PreviewImporter) -> (artifact id: '00000000000000000000000000000000') in 0.0004974 seconds
Import Error Code:(4)
Message: Build asset version error: assets/scripts/carregador.cs in SourceAssetDB has modification time of '2025-10-10T00:20:26.4681971Z' while content on disk has modification time of '2025-10-10T00:20:34.1275039Z'
  ERROR: Build asset version error: assets/scripts/carregador.cs in SourceAssetDB has modification time of '2025-10-10T00:20:26.4681971Z' while content on disk has modification time of '2025-10-10T00:20:34.1275039Z'
Number of updated asset objects reloaded before import = 0Number of asset objects unloaded after import = 0

========================================================================
Received Import Request.
  Time since last request: 0.001305 seconds.
  path: Assets/Scripts/Carregador.cs
  artifactKey: Guid(e6d39fec43ed0ee48bd6b7050d0bf632) Importer(815301076,1909f56bfc062723c751e8b465ee728b)
Start importing Assets/Scripts/Carregador.cs using Guid(e6d39fec43ed0ee48bd6b7050d0bf632) Importer(815301076,1909f56bfc062723c751e8b465ee728b) (PreviewImporter) -> (artifact id: '00000000000000000000000000000000') in 0.0004489 seconds
Import Error Code:(4)
Message: Build asset version error: assets/scripts/carregador.cs in SourceAssetDB has modification time of '2025-10-10T00:20:26.4681971Z' while content on disk has modification time of '2025-10-10T00:20:34.1275039Z'
  ERROR: Build asset version error: assets/scripts/carregador.cs in SourceAssetDB has modification time of '2025-10-10T00:20:26.4681971Z' while content on disk has modification time of '2025-10-10T00:20:34.1275039Z'
Number of updated asset objects reloaded before import = 0Number of asset objects unloaded after import = 0

========================================================================
Received Import Request.
  Time since last request: 0.000016 seconds.
  path: Assets/Scripts/Carregador.cs
  artifactKey: Guid(e6d39fec43ed0ee48bd6b7050d0bf632) Importer(815301076,1909f56bfc062723c751e8b465ee728b)
Start importing Assets/Scripts/Carregador.cs using Guid(e6d39fec43ed0ee48bd6b7050d0bf632) Importer(815301076,1909f56bfc062723c751e8b465ee728b) (PreviewImporter) -> (artifact id: '00000000000000000000000000000000') in 0.0005446 seconds
Import Error Code:(4)
Message: Build asset version error: assets/scripts/carregador.cs in SourceAssetDB has modification time of '2025-10-10T00:20:26.4681971Z' while content on disk has modification time of '2025-10-10T00:20:34.1275039Z'
  ERROR: Build asset version error: assets/scripts/carregador.cs in SourceAssetDB has modification time of '2025-10-10T00:20:26.4681971Z' while content on disk has modification time of '2025-10-10T00:20:34.1275039Z'
Number of updated asset objects reloaded before import = 0Number of asset objects unloaded after import = 0

========================================================================
Received Import Request.
  Time since last request: 0.000017 seconds.
  path: Assets/Scripts/Carregador.cs
  artifactKey: Guid(e6d39fec43ed0ee48bd6b7050d0bf632) Importer(815301076,1909f56bfc062723c751e8b465ee728b)
Start importing Assets/Scripts/Carregador.cs using Guid(e6d39fec43ed0ee48bd6b7050d0bf632) Importer(815301076,1909f56bfc062723c751e8b465ee728b) (PreviewImporter) -> (artifact id: '00000000000000000000000000000000') in 0.0004274 seconds
Import Error Code:(4)
Message: Build asset version error: assets/scripts/carregador.cs in SourceAssetDB has modification time of '2025-10-10T00:20:26.4681971Z' while content on disk has modification time of '2025-10-10T00:20:34.1275039Z'
  ERROR: Build asset version error: assets/scripts/carregador.cs in SourceAssetDB has modification time of '2025-10-10T00:20:26.4681971Z' while content on disk has modification time of '2025-10-10T00:20:34.1275039Z'
Number of updated asset objects reloaded before import = 0Number of asset objects unloaded after import = 0

========================================================================
Received Import Request.
  Time since last request: 0.000023 seconds.
  path: Assets/Scripts/Carregador.cs
  artifactKey: Guid(e6d39fec43ed0ee48bd6b7050d0bf632) Importer(815301076,1909f56bfc062723c751e8b465ee728b)
Start importing Assets/Scripts/Carregador.cs using Guid(e6d39fec43ed0ee48bd6b7050d0bf632) Importer(815301076,1909f56bfc062723c751e8b465ee728b) (PreviewImporter) -> (artifact id: '00000000000000000000000000000000') in 0.0005287 seconds
Import Error Code:(4)
Message: Build asset version error: assets/scripts/carregador.cs in SourceAssetDB has modification time of '2025-10-10T00:20:26.4681971Z' while content on disk has modification time of '2025-10-10T00:20:34.1275039Z'
  ERROR: Build asset version error: assets/scripts/carregador.cs in SourceAssetDB has modification time of '2025-10-10T00:20:26.4681971Z' while content on disk has modification time of '2025-10-10T00:20:34.1275039Z'
Number of updated asset objects reloaded before import = 0Number of asset objects unloaded after import = 0

========================================================================
Received Import Request.
  Time since last request: 0.000013 seconds.
  path: Assets/Scripts/Carregador.cs
  artifactKey: Guid(e6d39fec43ed0ee48bd6b7050d0bf632) Importer(815301076,1909f56bfc062723c751e8b465ee728b)
Start importing Assets/Scripts/Carregador.cs using Guid(e6d39fec43ed0ee48bd6b7050d0bf632) Importer(815301076,1909f56bfc062723c751e8b465ee728b) (PreviewImporter) -> (artifact id: '00000000000000000000000000000000') in 0.0005378 seconds
Import Error Code:(4)
Message: Build asset version error: assets/scripts/carregador.cs in SourceAssetDB has modification time of '2025-10-10T00:20:26.4681971Z' while content on disk has modification time of '2025-10-10T00:20:34.1275039Z'
  ERROR: Build asset version error: assets/scripts/carregador.cs in SourceAssetDB has modification time of '2025-10-10T00:20:26.4681971Z' while content on disk has modification time of '2025-10-10T00:20:34.1275039Z'
Number of updated asset objects reloaded before import = 0Number of asset objects unloaded after import = 0

========================================================================
Received Import Request.
  Time since last request: 0.000013 seconds.
  path: Assets/Scripts/Carregador.cs
  artifactKey: Guid(e6d39fec43ed0ee48bd6b7050d0bf632) Importer(815301076,1909f56bfc062723c751e8b465ee728b)
Start importing Assets/Scripts/Carregador.cs using Guid(e6d39fec43ed0ee48bd6b7050d0bf632) Importer(815301076,1909f56bfc062723c751e8b465ee728b) (PreviewImporter) -> (artifact id: '00000000000000000000000000000000') in 0.0004434 seconds
Import Error Code:(4)
Message: Build asset version error: assets/scripts/carregador.cs in SourceAssetDB has modification time of '2025-10-10T00:20:26.4681971Z' while content on disk has modification time of '2025-10-10T00:20:34.1275039Z'
  ERROR: Build asset version error: assets/scripts/carregador.cs in SourceAssetDB has modification time of '2025-10-10T00:20:26.4681971Z' while content on disk has modification time of '2025-10-10T00:20:34.1275039Z'
Number of updated asset objects reloaded before import = 0Number of asset objects unloaded after import = 0

========================================================================
Received Import Request.
  Time since last request: 0.000014 seconds.
  path: Assets/Scripts/Carregador.cs
  artifactKey: Guid(e6d39fec43ed0ee48bd6b7050d0bf632) Importer(815301076,1909f56bfc062723c751e8b465ee728b)
Start importing Assets/Scripts/Carregador.cs using Guid(e6d39fec43ed0ee48bd6b7050d0bf632) Importer(815301076,1909f56bfc062723c751e8b465ee728b) (PreviewImporter) -> (artifact id: '00000000000000000000000000000000') in 0.0004504 seconds
Import Error Code:(4)
Message: Build asset version error: assets/scripts/carregador.cs in SourceAssetDB has modification time of '2025-10-10T00:20:26.4681971Z' while content on disk has modification time of '2025-10-10T00:20:34.1275039Z'
  ERROR: Build asset version error: assets/scripts/carregador.cs in SourceAssetDB has modification time of '2025-10-10T00:20:26.4681971Z' while content on disk has modification time of '2025-10-10T00:20:34.1275039Z'
Number of updated asset objects reloaded before import = 0Number of asset objects unloaded after import = 0

========================================================================
Received Import Request.
  Time since last request: 0.000013 seconds.
  path: Assets/Scripts/Carregador.cs
  artifactKey: Guid(e6d39fec43ed0ee48bd6b7050d0bf632) Importer(815301076,1909f56bfc062723c751e8b465ee728b)
Start importing Assets/Scripts/Carregador.cs using Guid(e6d39fec43ed0ee48bd6b7050d0bf632) Importer(815301076,1909f56bfc062723c751e8b465ee728b) (PreviewImporter) -> (artifact id: '00000000000000000000000000000000') in 0.0004651 seconds
Import Error Code:(4)
Message: Build asset version error: assets/scripts/carregador.cs in SourceAssetDB has modification time of '2025-10-10T00:20:26.4681971Z' while content on disk has modification time of '2025-10-10T00:20:34.1275039Z'
  ERROR: Build asset version error: assets/scripts/carregador.cs in SourceAssetDB has modification time of '2025-10-10T00:20:26.4681971Z' while content on disk has modification time of '2025-10-10T00:20:34.1275039Z'
Number of updated asset objects reloaded before import = 0Number of asset objects unloaded after import = 0

========================================================================
Received Import Request.
  Time since last request: 0.000013 seconds.
  path: Assets/Scripts/Carregador.cs
  artifactKey: Guid(e6d39fec43ed0ee48bd6b7050d0bf632) Importer(815301076,1909f56bfc062723c751e8b465ee728b)
Start importing Assets/Scripts/Carregador.cs using Guid(e6d39fec43ed0ee48bd6b7050d0bf632) Importer(815301076,1909f56bfc062723c751e8b465ee728b) (PreviewImporter) -> (artifact id: '00000000000000000000000000000000') in 0.0005537 seconds
Import Error Code:(4)
Message: Build asset version error: assets/scripts/carregador.cs in SourceAssetDB has modification time of '2025-10-10T00:20:26.4681971Z' while content on disk has modification time of '2025-10-10T00:20:34.1275039Z'
  ERROR: Build asset version error: assets/scripts/carregador.cs in SourceAssetDB has modification time of '2025-10-10T00:20:26.4681971Z' while content on disk has modification time of '2025-10-10T00:20:34.1275039Z'
Number of updated asset objects reloaded before import = 0Number of asset objects unloaded after import = 0

========================================================================
Received Import Request.
  Time since last request: 0.000012 seconds.
  path: Assets/Scripts/Carregador.cs
  artifactKey: Guid(e6d39fec43ed0ee48bd6b7050d0bf632) Importer(815301076,1909f56bfc062723c751e8b465ee728b)
Start importing Assets/Scripts/Carregador.cs using Guid(e6d39fec43ed0ee48bd6b7050d0bf632) Importer(815301076,1909f56bfc062723c751e8b465ee728b) (PreviewImporter) -> (artifact id: '00000000000000000000000000000000') in 0.000547 seconds
Import Error Code:(4)
Message: Build asset version error: assets/scripts/carregador.cs in SourceAssetDB has modification time of '2025-10-10T00:20:26.4681971Z' while content on disk has modification time of '2025-10-10T00:20:34.1275039Z'
  ERROR: Build asset version error: assets/scripts/carregador.cs in SourceAssetDB has modification time of '2025-10-10T00:20:26.4681971Z' while content on disk has modification time of '2025-10-10T00:20:34.1275039Z'
Number of updated asset objects reloaded before import = 0Number of asset objects unloaded after import = 0

========================================================================
Received Import Request.
  Time since last request: 0.000063 seconds.
  path: Assets/Scripts/Carregador.cs
  artifactKey: Guid(e6d39fec43ed0ee48bd6b7050d0bf632) Importer(815301076,1909f56bfc062723c751e8b465ee728b)
Start importing Assets/Scripts/Carregador.cs using Guid(e6d39fec43ed0ee48bd6b7050d0bf632) Importer(815301076,1909f56bfc062723c751e8b465ee728b) (PreviewImporter) -> (artifact id: '00000000000000000000000000000000') in 0.0014039 seconds
Import Error Code:(4)
Message: Build asset version error: assets/scripts/carregador.cs in SourceAssetDB has modification time of '2025-10-10T00:20:26.4681971Z' while content on disk has modification time of '2025-10-10T00:20:34.1275039Z'
  ERROR: Build asset version error: assets/scripts/carregador.cs in SourceAssetDB has modification time of '2025-10-10T00:20:26.4681971Z' while content on disk has modification time of '2025-10-10T00:20:34.1275039Z'
Number of updated asset objects reloaded before import = 0Number of asset objects unloaded after import = 0

========================================================================
Received Import Request.
  Time since last request: 0.000027 seconds.
  path: Assets/Scripts/Carregador.cs
  artifactKey: Guid(e6d39fec43ed0ee48bd6b7050d0bf632) Importer(815301076,1909f56bfc062723c751e8b465ee728b)
Start importing Assets/Scripts/Carregador.cs using Guid(e6d39fec43ed0ee48bd6b7050d0bf632) Importer(815301076,1909f56bfc062723c751e8b465ee728b) (PreviewImporter) -> (artifact id: '00000000000000000000000000000000') in 0.0005247 seconds
Import Error Code:(4)
Message: Build asset version error: assets/scripts/carregador.cs in SourceAssetDB has modification time of '2025-10-10T00:20:26.4681971Z' while content on disk has modification time of '2025-10-10T00:20:34.1275039Z'
  ERROR: Build asset version error: assets/scripts/carregador.cs in SourceAssetDB has modification time of '2025-10-10T00:20:26.4681971Z' while content on disk has modification time of '2025-10-10T00:20:34.1275039Z'
Number of updated asset objects reloaded before import = 0Number of asset objects unloaded after import = 0

========================================================================
Received Import Request.
  Time since last request: 0.000012 seconds.
  path: Assets/Scripts/Carregador.cs
  artifactKey: Guid(e6d39fec43ed0ee48bd6b7050d0bf632) Importer(815301076,1909f56bfc062723c751e8b465ee728b)
Start importing Assets/Scripts/Carregador.cs using Guid(e6d39fec43ed0ee48bd6b7050d0bf632) Importer(815301076,1909f56bfc062723c751e8b465ee728b) (PreviewImporter) -> (artifact id: '00000000000000000000000000000000') in 0.0004441 seconds
Import Error Code:(4)
Message: Build asset version error: assets/scripts/carregador.cs in SourceAssetDB has modification time of '2025-10-10T00:20:26.4681971Z' while content on disk has modification time of '2025-10-10T00:20:34.1275039Z'
  ERROR: Build asset version error: assets/scripts/carregador.cs in SourceAssetDB has modification time of '2025-10-10T00:20:26.4681971Z' while content on disk has modification time of '2025-10-10T00:20:34.1275039Z'
Number of updated asset objects reloaded before import = 0Number of asset objects unloaded after import = 0

========================================================================
Received Import Request.
  Time since last request: 0.000012 seconds.
  path: Assets/Scripts/Carregador.cs
  artifactKey: Guid(e6d39fec43ed0ee48bd6b7050d0bf632) Importer(815301076,1909f56bfc062723c751e8b465ee728b)
Start importing Assets/Scripts/Carregador.cs using Guid(e6d39fec43ed0ee48bd6b7050d0bf632) Importer(815301076,1909f56bfc062723c751e8b465ee728b) (PreviewImporter) -> (artifact id: '00000000000000000000000000000000') in 0.0004343 seconds
Import Error Code:(4)
Message: Build asset version error: assets/scripts/carregador.cs in SourceAssetDB has modification time of '2025-10-10T00:20:26.4681971Z' while content on disk has modification time of '2025-10-10T00:20:34.1275039Z'
  ERROR: Build asset version error: assets/scripts/carregador.cs in SourceAssetDB has modification time of '2025-10-10T00:20:26.4681971Z' while content on disk has modification time of '2025-10-10T00:20:34.1275039Z'
Number of updated asset objects reloaded before import = 0Number of asset objects unloaded after import = 0

========================================================================
Received Import Request.
  Time since last request: 0.000013 seconds.
  path: Assets/Scripts/Carregador.cs
  artifactKey: Guid(e6d39fec43ed0ee48bd6b7050d0bf632) Importer(815301076,1909f56bfc062723c751e8b465ee728b)
Start importing Assets/Scripts/Carregador.cs using Guid(e6d39fec43ed0ee48bd6b7050d0bf632) Importer(815301076,1909f56bfc062723c751e8b465ee728b) (PreviewImporter) -> (artifact id: '00000000000000000000000000000000') in 0.0006169 seconds
Import Error Code:(4)
Message: Build asset version error: assets/scripts/carregador.cs in SourceAssetDB has modification time of '2025-10-10T00:20:26.4681971Z' while content on disk has modification time of '2025-10-10T00:20:34.1275039Z'
  ERROR: Build asset version error: assets/scripts/carregador.cs in SourceAssetDB has modification time of '2025-10-10T00:20:26.4681971Z' while content on disk has modification time of '2025-10-10T00:20:34.1275039Z'
Number of updated asset objects reloaded before import = 0Number of asset objects unloaded after import = 0

========================================================================
Received Import Request.
  Time since last request: 0.000021 seconds.
  path: Assets/Scripts/Carregador.cs
  artifactKey: Guid(e6d39fec43ed0ee48bd6b7050d0bf632) Importer(815301076,1909f56bfc062723c751e8b465ee728b)
Start importing Assets/Scripts/Carregador.cs using Guid(e6d39fec43ed0ee48bd6b7050d0bf632) Importer(815301076,1909f56bfc062723c751e8b465ee728b) (PreviewImporter) -> (artifact id: '00000000000000000000000000000000') in 0.0004789 seconds
Import Error Code:(4)
Message: Build asset version error: assets/scripts/carregador.cs in SourceAssetDB has modification time of '2025-10-10T00:20:26.4681971Z' while content on disk has modification time of '2025-10-10T00:20:34.1275039Z'
  ERROR: Build asset version error: assets/scripts/carregador.cs in SourceAssetDB has modification time of '2025-10-10T00:20:26.4681971Z' while content on disk has modification time of '2025-10-10T00:20:34.1275039Z'
Number of updated asset objects reloaded before import = 0Number of asset objects unloaded after import = 0

========================================================================
Received Import Request.
  Time since last request: 0.000013 seconds.
  path: Assets/Scripts/Carregador.cs
  artifactKey: Guid(e6d39fec43ed0ee48bd6b7050d0bf632) Importer(815301076,1909f56bfc062723c751e8b465ee728b)
Start importing Assets/Scripts/Carregador.cs using Guid(e6d39fec43ed0ee48bd6b7050d0bf632) Importer(815301076,1909f56bfc062723c751e8b465ee728b) (PreviewImporter) -> (artifact id: '00000000000000000000000000000000') in 0.0004393 seconds
Import Error Code:(4)
Message: Build asset version error: assets/scripts/carregador.cs in SourceAssetDB has modification time of '2025-10-10T00:20:26.4681971Z' while content on disk has modification time of '2025-10-10T00:20:34.1275039Z'
  ERROR: Build asset version error: assets/scripts/carregador.cs in SourceAssetDB has modification time of '2025-10-10T00:20:26.4681971Z' while content on disk has modification time of '2025-10-10T00:20:34.1275039Z'
Number of updated asset objects reloaded before import = 0Number of asset objects unloaded after import = 0

========================================================================
Received Import Request.
  Time since last request: 0.000013 seconds.
  path: Assets/Scripts/Carregador.cs
  artifactKey: Guid(e6d39fec43ed0ee48bd6b7050d0bf632) Importer(815301076,1909f56bfc062723c751e8b465ee728b)
Start importing Assets/Scripts/Carregador.cs using Guid(e6d39fec43ed0ee48bd6b7050d0bf632) Importer(815301076,1909f56bfc062723c751e8b465ee728b) (PreviewImporter) -> (artifact id: '00000000000000000000000000000000') in 0.0005255 seconds
Import Error Code:(4)
Message: Build asset version error: assets/scripts/carregador.cs in SourceAssetDB has modification time of '2025-10-10T00:20:26.4681971Z' while content on disk has modification time of '2025-10-10T00:20:34.1275039Z'
  ERROR: Build asset version error: assets/scripts/carregador.cs in SourceAssetDB has modification time of '2025-10-10T00:20:26.4681971Z' while content on disk has modification time of '2025-10-10T00:20:34.1275039Z'
Number of updated asset objects reloaded before import = 0Number of asset objects unloaded after import = 0

========================================================================
Received Import Request.
  Time since last request: 0.000013 seconds.
  path: Assets/Scripts/Carregador.cs
  artifactKey: Guid(e6d39fec43ed0ee48bd6b7050d0bf632) Importer(815301076,1909f56bfc062723c751e8b465ee728b)
Start importing Assets/Scripts/Carregador.cs using Guid(e6d39fec43ed0ee48bd6b7050d0bf632) Importer(815301076,1909f56bfc062723c751e8b465ee728b) (PreviewImporter) -> (artifact id: '00000000000000000000000000000000') in 0.0004569 seconds
Import Error Code:(4)
Message: Build asset version error: assets/scripts/carregador.cs in SourceAssetDB has modification time of '2025-10-10T00:20:26.4681971Z' while content on disk has modification time of '2025-10-10T00:20:34.1275039Z'
  ERROR: Build asset version error: assets/scripts/carregador.cs in SourceAssetDB has modification time of '2025-10-10T00:20:26.4681971Z' while content on disk has modification time of '2025-10-10T00:20:34.1275039Z'
Number of updated asset objects reloaded before import = 0Number of asset objects unloaded after import = 0

========================================================================
Received Import Request.
  Time since last request: 0.000014 seconds.
  path: Assets/Scripts/Carregador.cs
  artifactKey: Guid(e6d39fec43ed0ee48bd6b7050d0bf632) Importer(815301076,1909f56bfc062723c751e8b465ee728b)
Start importing Assets/Scripts/Carregador.cs using Guid(e6d39fec43ed0ee48bd6b7050d0bf632) Importer(815301076,1909f56bfc062723c751e8b465ee728b) (PreviewImporter) -> (artifact id: '00000000000000000000000000000000') in 0.000427 seconds
Import Error Code:(4)
Message: Build asset version error: assets/scripts/carregador.cs in SourceAssetDB has modification time of '2025-10-10T00:20:26.4681971Z' while content on disk has modification time of '2025-10-10T00:20:34.1275039Z'
  ERROR: Build asset version error: assets/scripts/carregador.cs in SourceAssetDB has modification time of '2025-10-10T00:20:26.4681971Z' while content on disk has modification time of '2025-10-10T00:20:34.1275039Z'
Number of updated asset objects reloaded before import = 0Number of asset objects unloaded after import = 0

========================================================================
Received Import Request.
  Time since last request: 0.000024 seconds.
  path: Assets/Scripts/Carregador.cs
  artifactKey: Guid(e6d39fec43ed0ee48bd6b7050d0bf632) Importer(815301076,1909f56bfc062723c751e8b465ee728b)
Start importing Assets/Scripts/Carregador.cs using Guid(e6d39fec43ed0ee48bd6b7050d0bf632) Importer(815301076,1909f56bfc062723c751e8b465ee728b) (PreviewImporter) -> (artifact id: '00000000000000000000000000000000') in 0.0010294 seconds
Import Error Code:(4)
Message: Build asset version error: assets/scripts/carregador.cs in SourceAssetDB has modification time of '2025-10-10T00:20:26.4681971Z' while content on disk has modification time of '2025-10-10T00:20:34.1275039Z'
  ERROR: Build asset version error: assets/scripts/carregador.cs in SourceAssetDB has modification time of '2025-10-10T00:20:26.4681971Z' while content on disk has modification time of '2025-10-10T00:20:34.1275039Z'
Number of updated asset objects reloaded before import = 0Number of asset objects unloaded after import = 0

========================================================================
Received Import Request.
  Time since last request: 0.000012 seconds.
  path: Assets/Scripts/Carregador.cs
  artifactKey: Guid(e6d39fec43ed0ee48bd6b7050d0bf632) Importer(815301076,1909f56bfc062723c751e8b465ee728b)
Start importing Assets/Scripts/Carregador.cs using Guid(e6d39fec43ed0ee48bd6b7050d0bf632) Importer(815301076,1909f56bfc062723c751e8b465ee728b) (PreviewImporter) -> (artifact id: '00000000000000000000000000000000') in 0.0004627 seconds
Import Error Code:(4)
Message: Build asset version error: assets/scripts/carregador.cs in SourceAssetDB has modification time of '2025-10-10T00:20:26.4681971Z' while content on disk has modification time of '2025-10-10T00:20:34.1275039Z'
  ERROR: Build asset version error: assets/scripts/carregador.cs in SourceAssetDB has modification time of '2025-10-10T00:20:26.4681971Z' while content on disk has modification time of '2025-10-10T00:20:34.1275039Z'
Number of updated asset objects reloaded before import = 0Number of asset objects unloaded after import = 0

========================================================================
Received Import Request.
  Time since last request: 0.000013 seconds.
  path: Assets/Scripts/Carregador.cs
  artifactKey: Guid(e6d39fec43ed0ee48bd6b7050d0bf632) Importer(815301076,1909f56bfc062723c751e8b465ee728b)
Start importing Assets/Scripts/Carregador.cs using Guid(e6d39fec43ed0ee48bd6b7050d0bf632) Importer(815301076,1909f56bfc062723c751e8b465ee728b) (PreviewImporter) -> (artifact id: '00000000000000000000000000000000') in 0.0005077 seconds
Import Error Code:(4)
Message: Build asset version error: assets/scripts/carregador.cs in SourceAssetDB has modification time of '2025-10-10T00:20:26.4681971Z' while content on disk has modification time of '2025-10-10T00:20:34.1275039Z'
  ERROR: Build asset version error: assets/scripts/carregador.cs in SourceAssetDB has modification time of '2025-10-10T00:20:26.4681971Z' while content on disk has modification time of '2025-10-10T00:20:34.1275039Z'
Number of updated asset objects reloaded before import = 0Number of asset objects unloaded after import = 0

========================================================================
Received Import Request.
  Time since last request: 0.000013 seconds.
  path: Assets/Scripts/Carregador.cs
  artifactKey: Guid(e6d39fec43ed0ee48bd6b7050d0bf632) Importer(815301076,1909f56bfc062723c751e8b465ee728b)
Start importing Assets/Scripts/Carregador.cs using Guid(e6d39fec43ed0ee48bd6b7050d0bf632) Importer(815301076,1909f56bfc062723c751e8b465ee728b) (PreviewImporter) -> (artifact id: '00000000000000000000000000000000') in 0.0004654 seconds
Import Error Code:(4)
Message: Build asset version error: assets/scripts/carregador.cs in SourceAssetDB has modification time of '2025-10-10T00:20:26.4681971Z' while content on disk has modification time of '2025-10-10T00:20:34.1275039Z'
  ERROR: Build asset version error: assets/scripts/carregador.cs in SourceAssetDB has modification time of '2025-10-10T00:20:26.4681971Z' while content on disk has modification time of '2025-10-10T00:20:34.1275039Z'
Number of updated asset objects reloaded before import = 0Number of asset objects unloaded after import = 0

========================================================================
Received Import Request.
  Time since last request: 0.000012 seconds.
  path: Assets/Scripts/Carregador.cs
  artifactKey: Guid(e6d39fec43ed0ee48bd6b7050d0bf632) Importer(815301076,1909f56bfc062723c751e8b465ee728b)
Start importing Assets/Scripts/Carregador.cs using Guid(e6d39fec43ed0ee48bd6b7050d0bf632) Importer(815301076,1909f56bfc062723c751e8b465ee728b) (PreviewImporter) -> (artifact id: '00000000000000000000000000000000') in 0.0005216 seconds
Import Error Code:(4)
Message: Build asset version error: assets/scripts/carregador.cs in SourceAssetDB has modification time of '2025-10-10T00:20:26.4681971Z' while content on disk has modification time of '2025-10-10T00:20:34.1275039Z'
  ERROR: Build asset version error: assets/scripts/carregador.cs in SourceAssetDB has modification time of '2025-10-10T00:20:26.4681971Z' while content on disk has modification time of '2025-10-10T00:20:34.1275039Z'
Number of updated asset objects reloaded before import = 0Number of asset objects unloaded after import = 0

========================================================================
Received Import Request.
  Time since last request: 0.000021 seconds.
  path: Assets/Scripts/Carregador.cs
  artifactKey: Guid(e6d39fec43ed0ee48bd6b7050d0bf632) Importer(815301076,1909f56bfc062723c751e8b465ee728b)
Start importing Assets/Scripts/Carregador.cs using Guid(e6d39fec43ed0ee48bd6b7050d0bf632) Importer(815301076,1909f56bfc062723c751e8b465ee728b) (PreviewImporter) -> (artifact id: '00000000000000000000000000000000') in 0.0007091 seconds
Import Error Code:(4)
Message: Build asset version error: assets/scripts/carregador.cs in SourceAssetDB has modification time of '2025-10-10T00:20:26.4681971Z' while content on disk has modification time of '2025-10-10T00:20:34.1275039Z'
  ERROR: Build asset version error: assets/scripts/carregador.cs in SourceAssetDB has modification time of '2025-10-10T00:20:26.4681971Z' while content on disk has modification time of '2025-10-10T00:20:34.1275039Z'
Number of updated asset objects reloaded before import = 0Number of asset objects unloaded after import = 0

========================================================================
Received Import Request.
  Time since last request: 0.000014 seconds.
  path: Assets/Scripts/Carregador.cs
  artifactKey: Guid(e6d39fec43ed0ee48bd6b7050d0bf632) Importer(815301076,1909f56bfc062723c751e8b465ee728b)
Start importing Assets/Scripts/Carregador.cs using Guid(e6d39fec43ed0ee48bd6b7050d0bf632) Importer(815301076,1909f56bfc062723c751e8b465ee728b) (PreviewImporter) -> (artifact id: '00000000000000000000000000000000') in 0.0004786 seconds
Import Error Code:(4)
Message: Build asset version error: assets/scripts/carregador.cs in SourceAssetDB has modification time of '2025-10-10T00:20:26.4681971Z' while content on disk has modification time of '2025-10-10T00:20:34.1275039Z'
  ERROR: Build asset version error: assets/scripts/carregador.cs in SourceAssetDB has modification time of '2025-10-10T00:20:26.4681971Z' while content on disk has modification time of '2025-10-10T00:20:34.1275039Z'
Number of updated asset objects reloaded before import = 0Number of asset objects unloaded after import = 0

========================================================================
Received Import Request.
  Time since last request: 0.000021 seconds.
  path: Assets/Scripts/Carregador.cs
  artifactKey: Guid(e6d39fec43ed0ee48bd6b7050d0bf632) Importer(815301076,1909f56bfc062723c751e8b465ee728b)
Start importing Assets/Scripts/Carregador.cs using Guid(e6d39fec43ed0ee48bd6b7050d0bf632) Importer(815301076,1909f56bfc062723c751e8b465ee728b) (PreviewImporter) -> (artifact id: '00000000000000000000000000000000') in 0.0006747 seconds
Import Error Code:(4)
Message: Build asset version error: assets/scripts/carregador.cs in SourceAssetDB has modification time of '2025-10-10T00:20:26.4681971Z' while content on disk has modification time of '2025-10-10T00:20:34.1275039Z'
  ERROR: Build asset version error: assets/scripts/carregador.cs in SourceAssetDB has modification time of '2025-10-10T00:20:26.4681971Z' while content on disk has modification time of '2025-10-10T00:20:34.1275039Z'
Number of updated asset objects reloaded before import = 0Number of asset objects unloaded after import = 0

========================================================================
Received Import Request.
  Time since last request: 0.000025 seconds.
  path: Assets/Scripts/Carregador.cs
  artifactKey: Guid(e6d39fec43ed0ee48bd6b7050d0bf632) Importer(815301076,1909f56bfc062723c751e8b465ee728b)
Start importing Assets/Scripts/Carregador.cs using Guid(e6d39fec43ed0ee48bd6b7050d0bf632) Importer(815301076,1909f56bfc062723c751e8b465ee728b) (PreviewImporter) -> (artifact id: '00000000000000000000000000000000') in 0.0004609 seconds
Import Error Code:(4)
Message: Build asset version error: assets/scripts/carregador.cs in SourceAssetDB has modification time of '2025-10-10T00:20:26.4681971Z' while content on disk has modification time of '2025-10-10T00:20:34.1275039Z'
  ERROR: Build asset version error: assets/scripts/carregador.cs in SourceAssetDB has modification time of '2025-10-10T00:20:26.4681971Z' while content on disk has modification time of '2025-10-10T00:20:34.1275039Z'
Number of updated asset objects reloaded before import = 0Number of asset objects unloaded after import = 0

========================================================================
Received Import Request.
  Time since last request: 0.000012 seconds.
  path: Assets/Scripts/Carregador.cs
  artifactKey: Guid(e6d39fec43ed0ee48bd6b7050d0bf632) Importer(815301076,1909f56bfc062723c751e8b465ee728b)
Start importing Assets/Scripts/Carregador.cs using Guid(e6d39fec43ed0ee48bd6b7050d0bf632) Importer(815301076,1909f56bfc062723c751e8b465ee728b) (PreviewImporter) -> (artifact id: '00000000000000000000000000000000') in 0.0004307 seconds
Import Error Code:(4)
Message: Build asset version error: assets/scripts/carregador.cs in SourceAssetDB has modification time of '2025-10-10T00:20:26.4681971Z' while content on disk has modification time of '2025-10-10T00:20:34.1275039Z'
  ERROR: Build asset version error: assets/scripts/carregador.cs in SourceAssetDB has modification time of '2025-10-10T00:20:26.4681971Z' while content on disk has modification time of '2025-10-10T00:20:34.1275039Z'
Number of updated asset objects reloaded before import = 0Number of asset objects unloaded after import = 0

========================================================================
Received Import Request.
  Time since last request: 0.000015 seconds.
  path: Assets/Scripts/Carregador.cs
  artifactKey: Guid(e6d39fec43ed0ee48bd6b7050d0bf632) Importer(815301076,1909f56bfc062723c751e8b465ee728b)
Start importing Assets/Scripts/Carregador.cs using Guid(e6d39fec43ed0ee48bd6b7050d0bf632) Importer(815301076,1909f56bfc062723c751e8b465ee728b) (PreviewImporter) -> (artifact id: '00000000000000000000000000000000') in 0.000613 seconds
Import Error Code:(4)
Message: Build asset version error: assets/scripts/carregador.cs in SourceAssetDB has modification time of '2025-10-10T00:20:26.4681971Z' while content on disk has modification time of '2025-10-10T00:20:34.1275039Z'
  ERROR: Build asset version error: assets/scripts/carregador.cs in SourceAssetDB has modification time of '2025-10-10T00:20:26.4681971Z' while content on disk has modification time of '2025-10-10T00:20:34.1275039Z'
Number of updated asset objects reloaded before import = 0Number of asset objects unloaded after import = 0

========================================================================
Received Import Request.
  Time since last request: 0.000012 seconds.
  path: Assets/Scripts/Carregador.cs
  artifactKey: Guid(e6d39fec43ed0ee48bd6b7050d0bf632) Importer(815301076,1909f56bfc062723c751e8b465ee728b)
Start importing Assets/Scripts/Carregador.cs using Guid(e6d39fec43ed0ee48bd6b7050d0bf632) Importer(815301076,1909f56bfc062723c751e8b465ee728b) (PreviewImporter) -> (artifact id: '00000000000000000000000000000000') in 0.0005042 seconds
Import Error Code:(4)
Message: Build asset version error: assets/scripts/carregador.cs in SourceAssetDB has modification time of '2025-10-10T00:20:26.4681971Z' while content on disk has modification time of '2025-10-10T00:20:34.1275039Z'
  ERROR: Build asset version error: assets/scripts/carregador.cs in SourceAssetDB has modification time of '2025-10-10T00:20:26.4681971Z' while content on disk has modification time of '2025-10-10T00:20:34.1275039Z'
Number of updated asset objects reloaded before import = 0Number of asset objects unloaded after import = 0

========================================================================
Received Import Request.
  Time since last request: 0.000015 seconds.
  path: Assets/Scripts/Carregador.cs
  artifactKey: Guid(e6d39fec43ed0ee48bd6b7050d0bf632) Importer(815301076,1909f56bfc062723c751e8b465ee728b)
Start importing Assets/Scripts/Carregador.cs using Guid(e6d39fec43ed0ee48bd6b7050d0bf632) Importer(815301076,1909f56bfc062723c751e8b465ee728b) (PreviewImporter) -> (artifact id: '00000000000000000000000000000000') in 0.0004077 seconds
Import Error Code:(4)
Message: Build asset version error: assets/scripts/carregador.cs in SourceAssetDB has modification time of '2025-10-10T00:20:26.4681971Z' while content on disk has modification time of '2025-10-10T00:20:34.1275039Z'
  ERROR: Build asset version error: assets/scripts/carregador.cs in SourceAssetDB has modification time of '2025-10-10T00:20:26.4681971Z' while content on disk has modification time of '2025-10-10T00:20:34.1275039Z'
Number of updated asset objects reloaded before import = 0Number of asset objects unloaded after import = 0

========================================================================
Received Import Request.
  Time since last request: 0.000012 seconds.
  path: Assets/Scripts/Carregador.cs
  artifactKey: Guid(e6d39fec43ed0ee48bd6b7050d0bf632) Importer(815301076,1909f56bfc062723c751e8b465ee728b)
Start importing Assets/Scripts/Carregador.cs using Guid(e6d39fec43ed0ee48bd6b7050d0bf632) Importer(815301076,1909f56bfc062723c751e8b465ee728b) (PreviewImporter) -> (artifact id: '00000000000000000000000000000000') in 0.0004365 seconds
Import Error Code:(4)
Message: Build asset version error: assets/scripts/carregador.cs in SourceAssetDB has modification time of '2025-10-10T00:20:26.4681971Z' while content on disk has modification time of '2025-10-10T00:20:34.1275039Z'
  ERROR: Build asset version error: assets/scripts/carregador.cs in SourceAssetDB has modification time of '2025-10-10T00:20:26.4681971Z' while content on disk has modification time of '2025-10-10T00:20:34.1275039Z'
Number of updated asset objects reloaded before import = 0Number of asset objects unloaded after import = 0

========================================================================
Received Import Request.
  Time since last request: 0.000014 seconds.
  path: Assets/Scripts/Carregador.cs
  artifactKey: Guid(e6d39fec43ed0ee48bd6b7050d0bf632) Importer(815301076,1909f56bfc062723c751e8b465ee728b)
Start importing Assets/Scripts/Carregador.cs using Guid(e6d39fec43ed0ee48bd6b7050d0bf632) Importer(815301076,1909f56bfc062723c751e8b465ee728b) (PreviewImporter) -> (artifact id: '00000000000000000000000000000000') in 0.0004736 seconds
Import Error Code:(4)
Message: Build asset version error: assets/scripts/carregador.cs in SourceAssetDB has modification time of '2025-10-10T00:20:26.4681971Z' while content on disk has modification time of '2025-10-10T00:20:34.1275039Z'
  ERROR: Build asset version error: assets/scripts/carregador.cs in SourceAssetDB has modification time of '2025-10-10T00:20:26.4681971Z' while content on disk has modification time of '2025-10-10T00:20:34.1275039Z'
Number of updated asset objects reloaded before import = 0Number of asset objects unloaded after import = 0

========================================================================
Received Import Request.
  Time since last request: 0.000020 seconds.
  path: Assets/Scripts/Carregador.cs
  artifactKey: Guid(e6d39fec43ed0ee48bd6b7050d0bf632) Importer(815301076,1909f56bfc062723c751e8b465ee728b)
Start importing Assets/Scripts/Carregador.cs using Guid(e6d39fec43ed0ee48bd6b7050d0bf632) Importer(815301076,1909f56bfc062723c751e8b465ee728b) (PreviewImporter) -> (artifact id: '00000000000000000000000000000000') in 0.0005131 seconds
Import Error Code:(4)
Message: Build asset version error: assets/scripts/carregador.cs in SourceAssetDB has modification time of '2025-10-10T00:20:26.4681971Z' while content on disk has modification time of '2025-10-10T00:20:34.1275039Z'
  ERROR: Build asset version error: assets/scripts/carregador.cs in SourceAssetDB has modification time of '2025-10-10T00:20:26.4681971Z' while content on disk has modification time of '2025-10-10T00:20:34.1275039Z'
Number of updated asset objects reloaded before import = 0Number of asset objects unloaded after import = 0

========================================================================
Received Import Request.
  Time since last request: 0.000028 seconds.
  path: Assets/Scripts/Carregador.cs
  artifactKey: Guid(e6d39fec43ed0ee48bd6b7050d0bf632) Importer(815301076,1909f56bfc062723c751e8b465ee728b)
Start importing Assets/Scripts/Carregador.cs using Guid(e6d39fec43ed0ee48bd6b7050d0bf632) Importer(815301076,1909f56bfc062723c751e8b465ee728b) (PreviewImporter) -> (artifact id: '00000000000000000000000000000000') in 0.0004309 seconds
Import Error Code:(4)
Message: Build asset version error: assets/scripts/carregador.cs in SourceAssetDB has modification time of '2025-10-10T00:20:26.4681971Z' while content on disk has modification time of '2025-10-10T00:20:34.1275039Z'
  ERROR: Build asset version error: assets/scripts/carregador.cs in SourceAssetDB has modification time of '2025-10-10T00:20:26.4681971Z' while content on disk has modification time of '2025-10-10T00:20:34.1275039Z'
Number of updated asset objects reloaded before import = 0Number of asset objects unloaded after import = 0

========================================================================
Received Import Request.
  Time since last request: 0.000014 seconds.
  path: Assets/Scripts/Carregador.cs
  artifactKey: Guid(e6d39fec43ed0ee48bd6b7050d0bf632) Importer(815301076,1909f56bfc062723c751e8b465ee728b)
Start importing Assets/Scripts/Carregador.cs using Guid(e6d39fec43ed0ee48bd6b7050d0bf632) Importer(815301076,1909f56bfc062723c751e8b465ee728b) (PreviewImporter) -> (artifact id: '00000000000000000000000000000000') in 0.0004469 seconds
Import Error Code:(4)
Message: Build asset version error: assets/scripts/carregador.cs in SourceAssetDB has modification time of '2025-10-10T00:20:26.4681971Z' while content on disk has modification time of '2025-10-10T00:20:34.1275039Z'
  ERROR: Build asset version error: assets/scripts/carregador.cs in SourceAssetDB has modification time of '2025-10-10T00:20:26.4681971Z' while content on disk has modification time of '2025-10-10T00:20:34.1275039Z'
Number of updated asset objects reloaded before import = 0Number of asset objects unloaded after import = 0

========================================================================
Received Import Request.
  Time since last request: 0.000014 seconds.
  path: Assets/Scripts/Carregador.cs
  artifactKey: Guid(e6d39fec43ed0ee48bd6b7050d0bf632) Importer(815301076,1909f56bfc062723c751e8b465ee728b)
Start importing Assets/Scripts/Carregador.cs using Guid(e6d39fec43ed0ee48bd6b7050d0bf632) Importer(815301076,1909f56bfc062723c751e8b465ee728b) (PreviewImporter) -> (artifact id: '00000000000000000000000000000000') in 0.0005969 seconds
Import Error Code:(4)
Message: Build asset version error: assets/scripts/carregador.cs in SourceAssetDB has modification time of '2025-10-10T00:20:26.4681971Z' while content on disk has modification time of '2025-10-10T00:20:34.1275039Z'
  ERROR: Build asset version error: assets/scripts/carregador.cs in SourceAssetDB has modification time of '2025-10-10T00:20:26.4681971Z' while content on disk has modification time of '2025-10-10T00:20:34.1275039Z'
Number of updated asset objects reloaded before import = 0Number of asset objects unloaded after import = 0

========================================================================
Received Import Request.
  Time since last request: 0.000013 seconds.
  path: Assets/Scripts/Carregador.cs
  artifactKey: Guid(e6d39fec43ed0ee48bd6b7050d0bf632) Importer(815301076,1909f56bfc062723c751e8b465ee728b)
Start importing Assets/Scripts/Carregador.cs using Guid(e6d39fec43ed0ee48bd6b7050d0bf632) Importer(815301076,1909f56bfc062723c751e8b465ee728b) (PreviewImporter) -> (artifact id: '00000000000000000000000000000000') in 0.0005187 seconds
Import Error Code:(4)
Message: Build asset version error: assets/scripts/carregador.cs in SourceAssetDB has modification time of '2025-10-10T00:20:26.4681971Z' while content on disk has modification time of '2025-10-10T00:20:34.1275039Z'
  ERROR: Build asset version error: assets/scripts/carregador.cs in SourceAssetDB has modification time of '2025-10-10T00:20:26.4681971Z' while content on disk has modification time of '2025-10-10T00:20:34.1275039Z'
Number of updated asset objects reloaded before import = 0Number of asset objects unloaded after import = 0

========================================================================
Received Import Request.
  Time since last request: 0.000013 seconds.
  path: Assets/Scripts/Carregador.cs
  artifactKey: Guid(e6d39fec43ed0ee48bd6b7050d0bf632) Importer(815301076,1909f56bfc062723c751e8b465ee728b)
Start importing Assets/Scripts/Carregador.cs using Guid(e6d39fec43ed0ee48bd6b7050d0bf632) Importer(815301076,1909f56bfc062723c751e8b465ee728b) (PreviewImporter) -> (artifact id: '00000000000000000000000000000000') in 0.0005059 seconds
Import Error Code:(4)
Message: Build asset version error: assets/scripts/carregador.cs in SourceAssetDB has modification time of '2025-10-10T00:20:26.4681971Z' while content on disk has modification time of '2025-10-10T00:20:34.1275039Z'
  ERROR: Build asset version error: assets/scripts/carregador.cs in SourceAssetDB has modification time of '2025-10-10T00:20:26.4681971Z' while content on disk has modification time of '2025-10-10T00:20:34.1275039Z'
Number of updated asset objects reloaded before import = 0Number of asset objects unloaded after import = 0

========================================================================
Received Import Request.
  Time since last request: 0.000012 seconds.
  path: Assets/Scripts/Carregador.cs
  artifactKey: Guid(e6d39fec43ed0ee48bd6b7050d0bf632) Importer(815301076,1909f56bfc062723c751e8b465ee728b)
Start importing Assets/Scripts/Carregador.cs using Guid(e6d39fec43ed0ee48bd6b7050d0bf632) Importer(815301076,1909f56bfc062723c751e8b465ee728b) (PreviewImporter) -> (artifact id: '00000000000000000000000000000000') in 0.0004182 seconds
Import Error Code:(4)
Message: Build asset version error: assets/scripts/carregador.cs in SourceAssetDB has modification time of '2025-10-10T00:20:26.4681971Z' while content on disk has modification time of '2025-10-10T00:20:34.1275039Z'
  ERROR: Build asset version error: assets/scripts/carregador.cs in SourceAssetDB has modification time of '2025-10-10T00:20:26.4681971Z' while content on disk has modification time of '2025-10-10T00:20:34.1275039Z'
Number of updated asset objects reloaded before import = 0Number of asset objects unloaded after import = 0

========================================================================
Received Import Request.
  Time since last request: 0.000013 seconds.
  path: Assets/Scripts/Carregador.cs
  artifactKey: Guid(e6d39fec43ed0ee48bd6b7050d0bf632) Importer(815301076,1909f56bfc062723c751e8b465ee728b)
Start importing Assets/Scripts/Carregador.cs using Guid(e6d39fec43ed0ee48bd6b7050d0bf632) Importer(815301076,1909f56bfc062723c751e8b465ee728b) (PreviewImporter) -> (artifact id: '00000000000000000000000000000000') in 0.0004149 seconds
Import Error Code:(4)
Message: Build asset version error: assets/scripts/carregador.cs in SourceAssetDB has modification time of '2025-10-10T00:20:26.4681971Z' while content on disk has modification time of '2025-10-10T00:20:34.1275039Z'
  ERROR: Build asset version error: assets/scripts/carregador.cs in SourceAssetDB has modification time of '2025-10-10T00:20:26.4681971Z' while content on disk has modification time of '2025-10-10T00:20:34.1275039Z'
Number of updated asset objects reloaded before import = 0Number of asset objects unloaded after import = 0

========================================================================
Received Import Request.
  Time since last request: 0.000013 seconds.
  path: Assets/Scripts/Carregador.cs
  artifactKey: Guid(e6d39fec43ed0ee48bd6b7050d0bf632) Importer(815301076,1909f56bfc062723c751e8b465ee728b)
Start importing Assets/Scripts/Carregador.cs using Guid(e6d39fec43ed0ee48bd6b7050d0bf632) Importer(815301076,1909f56bfc062723c751e8b465ee728b) (PreviewImporter) -> (artifact id: '00000000000000000000000000000000') in 0.0004806 seconds
Import Error Code:(4)
Message: Build asset version error: assets/scripts/carregador.cs in SourceAssetDB has modification time of '2025-10-10T00:20:26.4681971Z' while content on disk has modification time of '2025-10-10T00:20:34.1275039Z'
  ERROR: Build asset version error: assets/scripts/carregador.cs in SourceAssetDB has modification time of '2025-10-10T00:20:26.4681971Z' while content on disk has modification time of '2025-10-10T00:20:34.1275039Z'
Number of updated asset objects reloaded before import = 0Number of asset objects unloaded after import = 0

========================================================================
Received Import Request.
  Time since last request: 0.000016 seconds.
  path: Assets/Scripts/Carregador.cs
  artifactKey: Guid(e6d39fec43ed0ee48bd6b7050d0bf632) Importer(815301076,1909f56bfc062723c751e8b465ee728b)
Start importing Assets/Scripts/Carregador.cs using Guid(e6d39fec43ed0ee48bd6b7050d0bf632) Importer(815301076,1909f56bfc062723c751e8b465ee728b) (PreviewImporter) -> (artifact id: '00000000000000000000000000000000') in 0.0004746 seconds
Import Error Code:(4)
Message: Build asset version error: assets/scripts/carregador.cs in SourceAssetDB has modification time of '2025-10-10T00:20:26.4681971Z' while content on disk has modification time of '2025-10-10T00:20:34.1275039Z'
  ERROR: Build asset version error: assets/scripts/carregador.cs in SourceAssetDB has modification time of '2025-10-10T00:20:26.4681971Z' while content on disk has modification time of '2025-10-10T00:20:34.1275039Z'
Number of updated asset objects reloaded before import = 0Number of asset objects unloaded after import = 0

========================================================================
Received Import Request.
  Time since last request: 0.000022 seconds.
  path: Assets/Scripts/Carregador.cs
  artifactKey: Guid(e6d39fec43ed0ee48bd6b7050d0bf632) Importer(815301076,1909f56bfc062723c751e8b465ee728b)
Start importing Assets/Scripts/Carregador.cs using Guid(e6d39fec43ed0ee48bd6b7050d0bf632) Importer(815301076,1909f56bfc062723c751e8b465ee728b) (PreviewImporter) -> (artifact id: '00000000000000000000000000000000') in 0.0005332 seconds
Import Error Code:(4)
Message: Build asset version error: assets/scripts/carregador.cs in SourceAssetDB has modification time of '2025-10-10T00:20:26.4681971Z' while content on disk has modification time of '2025-10-10T00:20:34.1275039Z'
  ERROR: Build asset version error: assets/scripts/carregador.cs in SourceAssetDB has modification time of '2025-10-10T00:20:26.4681971Z' while content on disk has modification time of '2025-10-10T00:20:34.1275039Z'
Number of updated asset objects reloaded before import = 0Number of asset objects unloaded after import = 0

========================================================================
Received Import Request.
  Time since last request: 0.000013 seconds.
  path: Assets/Scripts/Carregador.cs
  artifactKey: Guid(e6d39fec43ed0ee48bd6b7050d0bf632) Importer(815301076,1909f56bfc062723c751e8b465ee728b)
Start importing Assets/Scripts/Carregador.cs using Guid(e6d39fec43ed0ee48bd6b7050d0bf632) Importer(815301076,1909f56bfc062723c751e8b465ee728b) (PreviewImporter) -> (artifact id: '00000000000000000000000000000000') in 0.0005025 seconds
Import Error Code:(4)
Message: Build asset version error: assets/scripts/carregador.cs in SourceAssetDB has modification time of '2025-10-10T00:20:26.4681971Z' while content on disk has modification time of '2025-10-10T00:20:34.1275039Z'
  ERROR: Build asset version error: assets/scripts/carregador.cs in SourceAssetDB has modification time of '2025-10-10T00:20:26.4681971Z' while content on disk has modification time of '2025-10-10T00:20:34.1275039Z'
Number of updated asset objects reloaded before import = 0Number of asset objects unloaded after import = 0

========================================================================
Received Import Request.
  Time since last request: 0.000013 seconds.
  path: Assets/Scripts/Carregador.cs
  artifactKey: Guid(e6d39fec43ed0ee48bd6b7050d0bf632) Importer(815301076,1909f56bfc062723c751e8b465ee728b)
Start importing Assets/Scripts/Carregador.cs using Guid(e6d39fec43ed0ee48bd6b7050d0bf632) Importer(815301076,1909f56bfc062723c751e8b465ee728b) (PreviewImporter) -> (artifact id: '00000000000000000000000000000000') in 0.0004262 seconds
Import Error Code:(4)
Message: Build asset version error: assets/scripts/carregador.cs in SourceAssetDB has modification time of '2025-10-10T00:20:26.4681971Z' while content on disk has modification time of '2025-10-10T00:20:34.1275039Z'
  ERROR: Build asset version error: assets/scripts/carregador.cs in SourceAssetDB has modification time of '2025-10-10T00:20:26.4681971Z' while content on disk has modification time of '2025-10-10T00:20:34.1275039Z'
Number of updated asset objects reloaded before import = 0Number of asset objects unloaded after import = 0

========================================================================
Received Import Request.
  Time since last request: 0.000011 seconds.
  path: Assets/Scripts/Carregador.cs
  artifactKey: Guid(e6d39fec43ed0ee48bd6b7050d0bf632) Importer(815301076,1909f56bfc062723c751e8b465ee728b)
Start importing Assets/Scripts/Carregador.cs using Guid(e6d39fec43ed0ee48bd6b7050d0bf632) Importer(815301076,1909f56bfc062723c751e8b465ee728b) (PreviewImporter) -> (artifact id: '00000000000000000000000000000000') in 0.000429 seconds
Import Error Code:(4)
Message: Build asset version error: assets/scripts/carregador.cs in SourceAssetDB has modification time of '2025-10-10T00:20:26.4681971Z' while content on disk has modification time of '2025-10-10T00:20:34.1275039Z'
  ERROR: Build asset version error: assets/scripts/carregador.cs in SourceAssetDB has modification time of '2025-10-10T00:20:26.4681971Z' while content on disk has modification time of '2025-10-10T00:20:34.1275039Z'
Number of updated asset objects reloaded before import = 0Number of asset objects unloaded after import = 0

========================================================================
Received Import Request.
  Time since last request: 0.000012 seconds.
  path: Assets/Scripts/Carregador.cs
  artifactKey: Guid(e6d39fec43ed0ee48bd6b7050d0bf632) Importer(815301076,1909f56bfc062723c751e8b465ee728b)
Start importing Assets/Scripts/Carregador.cs using Guid(e6d39fec43ed0ee48bd6b7050d0bf632) Importer(815301076,1909f56bfc062723c751e8b465ee728b) (PreviewImporter) -> (artifact id: '00000000000000000000000000000000') in 0.0004334 seconds
Import Error Code:(4)
Message: Build asset version error: assets/scripts/carregador.cs in SourceAssetDB has modification time of '2025-10-10T00:20:26.4681971Z' while content on disk has modification time of '2025-10-10T00:20:34.1275039Z'
  ERROR: Build asset version error: assets/scripts/carregador.cs in SourceAssetDB has modification time of '2025-10-10T00:20:26.4681971Z' while content on disk has modification time of '2025-10-10T00:20:34.1275039Z'
Number of updated asset objects reloaded before import = 0Number of asset objects unloaded after import = 0

========================================================================
Received Import Request.
  Time since last request: 0.000012 seconds.
  path: Assets/Scripts/Carregador.cs
  artifactKey: Guid(e6d39fec43ed0ee48bd6b7050d0bf632) Importer(815301076,1909f56bfc062723c751e8b465ee728b)
Start importing Assets/Scripts/Carregador.cs using Guid(e6d39fec43ed0ee48bd6b7050d0bf632) Importer(815301076,1909f56bfc062723c751e8b465ee728b) (PreviewImporter) -> (artifact id: '00000000000000000000000000000000') in 0.0005767 seconds
Import Error Code:(4)
Message: Build asset version error: assets/scripts/carregador.cs in SourceAssetDB has modification time of '2025-10-10T00:20:26.4681971Z' while content on disk has modification time of '2025-10-10T00:20:34.1275039Z'
  ERROR: Build asset version error: assets/scripts/carregador.cs in SourceAssetDB has modification time of '2025-10-10T00:20:26.4681971Z' while content on disk has modification time of '2025-10-10T00:20:34.1275039Z'
Number of updated asset objects reloaded before import = 0Number of asset objects unloaded after import = 0

========================================================================
Received Import Request.
  Time since last request: 0.000012 seconds.
  path: Assets/Scripts/Carregador.cs
  artifactKey: Guid(e6d39fec43ed0ee48bd6b7050d0bf632) Importer(815301076,1909f56bfc062723c751e8b465ee728b)
Start importing Assets/Scripts/Carregador.cs using Guid(e6d39fec43ed0ee48bd6b7050d0bf632) Importer(815301076,1909f56bfc062723c751e8b465ee728b) (PreviewImporter) -> (artifact id: '00000000000000000000000000000000') in 0.0004349 seconds
Import Error Code:(4)
Message: Build asset version error: assets/scripts/carregador.cs in SourceAssetDB has modification time of '2025-10-10T00:20:26.4681971Z' while content on disk has modification time of '2025-10-10T00:20:34.1275039Z'
  ERROR: Build asset version error: assets/scripts/carregador.cs in SourceAssetDB has modification time of '2025-10-10T00:20:26.4681971Z' while content on disk has modification time of '2025-10-10T00:20:34.1275039Z'
Number of updated asset objects reloaded before import = 0Number of asset objects unloaded after import = 0

========================================================================
Received Import Request.
  Time since last request: 0.000012 seconds.
  path: Assets/Scripts/Carregador.cs
  artifactKey: Guid(e6d39fec43ed0ee48bd6b7050d0bf632) Importer(815301076,1909f56bfc062723c751e8b465ee728b)
Start importing Assets/Scripts/Carregador.cs using Guid(e6d39fec43ed0ee48bd6b7050d0bf632) Importer(815301076,1909f56bfc062723c751e8b465ee728b) (PreviewImporter) -> (artifact id: '00000000000000000000000000000000') in 0.000435 seconds
Import Error Code:(4)
Message: Build asset version error: assets/scripts/carregador.cs in SourceAssetDB has modification time of '2025-10-10T00:20:26.4681971Z' while content on disk has modification time of '2025-10-10T00:20:34.1275039Z'
  ERROR: Build asset version error: assets/scripts/carregador.cs in SourceAssetDB has modification time of '2025-10-10T00:20:26.4681971Z' while content on disk has modification time of '2025-10-10T00:20:34.1275039Z'
Number of updated asset objects reloaded before import = 0Number of asset objects unloaded after import = 0

========================================================================
Received Import Request.
  Time since last request: 0.000017 seconds.
  path: Assets/Scripts/Carregador.cs
  artifactKey: Guid(e6d39fec43ed0ee48bd6b7050d0bf632) Importer(815301076,1909f56bfc062723c751e8b465ee728b)
Start importing Assets/Scripts/Carregador.cs using Guid(e6d39fec43ed0ee48bd6b7050d0bf632) Importer(815301076,1909f56bfc062723c751e8b465ee728b) (PreviewImporter) -> (artifact id: '00000000000000000000000000000000') in 0.0004238 seconds
Import Error Code:(4)
Message: Build asset version error: assets/scripts/carregador.cs in SourceAssetDB has modification time of '2025-10-10T00:20:26.4681971Z' while content on disk has modification time of '2025-10-10T00:20:34.1275039Z'
  ERROR: Build asset version error: assets/scripts/carregador.cs in SourceAssetDB has modification time of '2025-10-10T00:20:26.4681971Z' while content on disk has modification time of '2025-10-10T00:20:34.1275039Z'
Number of updated asset objects reloaded before import = 0Number of asset objects unloaded after import = 0

========================================================================
Received Import Request.
  Time since last request: 0.000022 seconds.
  path: Assets/Scripts/Carregador.cs
  artifactKey: Guid(e6d39fec43ed0ee48bd6b7050d0bf632) Importer(815301076,1909f56bfc062723c751e8b465ee728b)
Start importing Assets/Scripts/Carregador.cs using Guid(e6d39fec43ed0ee48bd6b7050d0bf632) Importer(815301076,1909f56bfc062723c751e8b465ee728b) (PreviewImporter) -> (artifact id: '00000000000000000000000000000000') in 0.0004388 seconds
Import Error Code:(4)
Message: Build asset version error: assets/scripts/carregador.cs in SourceAssetDB has modification time of '2025-10-10T00:20:26.4681971Z' while content on disk has modification time of '2025-10-10T00:20:34.1275039Z'
  ERROR: Build asset version error: assets/scripts/carregador.cs in SourceAssetDB has modification time of '2025-10-10T00:20:26.4681971Z' while content on disk has modification time of '2025-10-10T00:20:34.1275039Z'
Number of updated asset objects reloaded before import = 0Number of asset objects unloaded after import = 0

========================================================================
Received Import Request.
  Time since last request: 0.000012 seconds.
  path: Assets/Scripts/Carregador.cs
  artifactKey: Guid(e6d39fec43ed0ee48bd6b7050d0bf632) Importer(815301076,1909f56bfc062723c751e8b465ee728b)
Start importing Assets/Scripts/Carregador.cs using Guid(e6d39fec43ed0ee48bd6b7050d0bf632) Importer(815301076,1909f56bfc062723c751e8b465ee728b) (PreviewImporter) -> (artifact id: '00000000000000000000000000000000') in 0.0005693 seconds
Import Error Code:(4)
Message: Build asset version error: assets/scripts/carregador.cs in SourceAssetDB has modification time of '2025-10-10T00:20:26.4681971Z' while content on disk has modification time of '2025-10-10T00:20:34.1275039Z'
  ERROR: Build asset version error: assets/scripts/carregador.cs in SourceAssetDB has modification time of '2025-10-10T00:20:26.4681971Z' while content on disk has modification time of '2025-10-10T00:20:34.1275039Z'
Number of updated asset objects reloaded before import = 0Number of asset objects unloaded after import = 0

========================================================================
Received Import Request.
  Time since last request: 0.000014 seconds.
  path: Assets/Scripts/Carregador.cs
  artifactKey: Guid(e6d39fec43ed0ee48bd6b7050d0bf632) Importer(815301076,1909f56bfc062723c751e8b465ee728b)
Start importing Assets/Scripts/Carregador.cs using Guid(e6d39fec43ed0ee48bd6b7050d0bf632) Importer(815301076,1909f56bfc062723c751e8b465ee728b) (PreviewImporter) -> (artifact id: '00000000000000000000000000000000') in 0.0004047 seconds
Import Error Code:(4)
Message: Build asset version error: assets/scripts/carregador.cs in SourceAssetDB has modification time of '2025-10-10T00:20:26.4681971Z' while content on disk has modification time of '2025-10-10T00:20:34.1275039Z'
  ERROR: Build asset version error: assets/scripts/carregador.cs in SourceAssetDB has modification time of '2025-10-10T00:20:26.4681971Z' while content on disk has modification time of '2025-10-10T00:20:34.1275039Z'
Number of updated asset objects reloaded before import = 0Number of asset objects unloaded after import = 0

========================================================================
Received Import Request.
  Time since last request: 0.000015 seconds.
  path: Assets/Scripts/Carregador.cs
  artifactKey: Guid(e6d39fec43ed0ee48bd6b7050d0bf632) Importer(815301076,1909f56bfc062723c751e8b465ee728b)
Start importing Assets/Scripts/Carregador.cs using Guid(e6d39fec43ed0ee48bd6b7050d0bf632) Importer(815301076,1909f56bfc062723c751e8b465ee728b) (PreviewImporter) -> (artifact id: '00000000000000000000000000000000') in 0.0010936 seconds
Import Error Code:(4)
Message: Build asset version error: assets/scripts/carregador.cs in SourceAssetDB has modification time of '2025-10-10T00:20:26.4681971Z' while content on disk has modification time of '2025-10-10T00:20:34.1275039Z'
  ERROR: Build asset version error: assets/scripts/carregador.cs in SourceAssetDB has modification time of '2025-10-10T00:20:26.4681971Z' while content on disk has modification time of '2025-10-10T00:20:34.1275039Z'
Number of updated asset objects reloaded before import = 0Number of asset objects unloaded after import = 0

========================================================================
Received Import Request.
  Time since last request: 0.000014 seconds.
  path: Assets/Scripts/Carregador.cs
  artifactKey: Guid(e6d39fec43ed0ee48bd6b7050d0bf632) Importer(815301076,1909f56bfc062723c751e8b465ee728b)
Start importing Assets/Scripts/Carregador.cs using Guid(e6d39fec43ed0ee48bd6b7050d0bf632) Importer(815301076,1909f56bfc062723c751e8b465ee728b) (PreviewImporter) -> (artifact id: '00000000000000000000000000000000') in 0.0005753 seconds
Import Error Code:(4)
Message: Build asset version error: assets/scripts/carregador.cs in SourceAssetDB has modification time of '2025-10-10T00:20:26.4681971Z' while content on disk has modification time of '2025-10-10T00:20:34.1275039Z'
  ERROR: Build asset version error: assets/scripts/carregador.cs in SourceAssetDB has modification time of '2025-10-10T00:20:26.4681971Z' while content on disk has modification time of '2025-10-10T00:20:34.1275039Z'
Number of updated asset objects reloaded before import = 0Number of asset objects unloaded after import = 0

========================================================================
Received Import Request.
  Time since last request: 0.000017 seconds.
  path: Assets/Scripts/Carregador.cs
  artifactKey: Guid(e6d39fec43ed0ee48bd6b7050d0bf632) Importer(815301076,1909f56bfc062723c751e8b465ee728b)
Start importing Assets/Scripts/Carregador.cs using Guid(e6d39fec43ed0ee48bd6b7050d0bf632) Importer(815301076,1909f56bfc062723c751e8b465ee728b) (PreviewImporter) -> (artifact id: '00000000000000000000000000000000') in 0.0004974 seconds
Import Error Code:(4)
Message: Build asset version error: assets/scripts/carregador.cs in SourceAssetDB has modification time of '2025-10-10T00:20:26.4681971Z' while content on disk has modification time of '2025-10-10T00:20:34.1275039Z'
  ERROR: Build asset version error: assets/scripts/carregador.cs in SourceAssetDB has modification time of '2025-10-10T00:20:26.4681971Z' while content on disk has modification time of '2025-10-10T00:20:34.1275039Z'
Number of updated asset objects reloaded before import = 0Number of asset objects unloaded after import = 0

========================================================================
Received Import Request.
  Time since last request: 0.000022 seconds.
  path: Assets/Scripts/Carregador.cs
  artifactKey: Guid(e6d39fec43ed0ee48bd6b7050d0bf632) Importer(815301076,1909f56bfc062723c751e8b465ee728b)
Start importing Assets/Scripts/Carregador.cs using Guid(e6d39fec43ed0ee48bd6b7050d0bf632) Importer(815301076,1909f56bfc062723c751e8b465ee728b) (PreviewImporter) -> (artifact id: '00000000000000000000000000000000') in 0.0005193 seconds
Import Error Code:(4)
Message: Build asset version error: assets/scripts/carregador.cs in SourceAssetDB has modification time of '2025-10-10T00:20:26.4681971Z' while content on disk has modification time of '2025-10-10T00:20:34.1275039Z'
  ERROR: Build asset version error: assets/scripts/carregador.cs in SourceAssetDB has modification time of '2025-10-10T00:20:26.4681971Z' while content on disk has modification time of '2025-10-10T00:20:34.1275039Z'
Number of updated asset objects reloaded before import = 0Number of asset objects unloaded after import = 0

========================================================================
Received Import Request.
  Time since last request: 0.000013 seconds.
  path: Assets/Scripts/Carregador.cs
  artifactKey: Guid(e6d39fec43ed0ee48bd6b7050d0bf632) Importer(815301076,1909f56bfc062723c751e8b465ee728b)
Start importing Assets/Scripts/Carregador.cs using Guid(e6d39fec43ed0ee48bd6b7050d0bf632) Importer(815301076,1909f56bfc062723c751e8b465ee728b) (PreviewImporter) -> (artifact id: '00000000000000000000000000000000') in 0.0004879 seconds
Import Error Code:(4)
Message: Build asset version error: assets/scripts/carregador.cs in SourceAssetDB has modification time of '2025-10-10T00:20:26.4681971Z' while content on disk has modification time of '2025-10-10T00:20:34.1275039Z'
  ERROR: Build asset version error: assets/scripts/carregador.cs in SourceAssetDB has modification time of '2025-10-10T00:20:26.4681971Z' while content on disk has modification time of '2025-10-10T00:20:34.1275039Z'
Number of updated asset objects reloaded before import = 0Number of asset objects unloaded after import = 0

========================================================================
Received Import Request.
  Time since last request: 0.000013 seconds.
  path: Assets/Scripts/Carregador.cs
  artifactKey: Guid(e6d39fec43ed0ee48bd6b7050d0bf632) Importer(815301076,1909f56bfc062723c751e8b465ee728b)
Start importing Assets/Scripts/Carregador.cs using Guid(e6d39fec43ed0ee48bd6b7050d0bf632) Importer(815301076,1909f56bfc062723c751e8b465ee728b) (PreviewImporter) -> (artifact id: '00000000000000000000000000000000') in 0.0006084 seconds
Import Error Code:(4)
Message: Build asset version error: assets/scripts/carregador.cs in SourceAssetDB has modification time of '2025-10-10T00:20:26.4681971Z' while content on disk has modification time of '2025-10-10T00:20:34.1275039Z'
  ERROR: Build asset version error: assets/scripts/carregador.cs in SourceAssetDB has modification time of '2025-10-10T00:20:26.4681971Z' while content on disk has modification time of '2025-10-10T00:20:34.1275039Z'
Number of updated asset objects reloaded before import = 0Number of asset objects unloaded after import = 0

========================================================================
Received Import Request.
  Time since last request: 0.000017 seconds.
  path: Assets/Scripts/Carregador.cs
  artifactKey: Guid(e6d39fec43ed0ee48bd6b7050d0bf632) Importer(815301076,1909f56bfc062723c751e8b465ee728b)
Start importing Assets/Scripts/Carregador.cs using Guid(e6d39fec43ed0ee48bd6b7050d0bf632) Importer(815301076,1909f56bfc062723c751e8b465ee728b) (PreviewImporter) -> (artifact id: '00000000000000000000000000000000') in 0.0006614 seconds
Import Error Code:(4)
Message: Build asset version error: assets/scripts/carregador.cs in SourceAssetDB has modification time of '2025-10-10T00:20:26.4681971Z' while content on disk has modification time of '2025-10-10T00:20:34.1275039Z'
  ERROR: Build asset version error: assets/scripts/carregador.cs in SourceAssetDB has modification time of '2025-10-10T00:20:26.4681971Z' while content on disk has modification time of '2025-10-10T00:20:34.1275039Z'
Number of updated asset objects reloaded before import = 0Number of asset objects unloaded after import = 0

========================================================================
Received Import Request.
  Time since last request: 0.000020 seconds.
  path: Assets/Scripts/Carregador.cs
  artifactKey: Guid(e6d39fec43ed0ee48bd6b7050d0bf632) Importer(815301076,1909f56bfc062723c751e8b465ee728b)
Start importing Assets/Scripts/Carregador.cs using Guid(e6d39fec43ed0ee48bd6b7050d0bf632) Importer(815301076,1909f56bfc062723c751e8b465ee728b) (PreviewImporter) -> (artifact id: '00000000000000000000000000000000') in 0.0009894 seconds
Import Error Code:(4)
Message: Build asset version error: assets/scripts/carregador.cs in SourceAssetDB has modification time of '2025-10-10T00:20:26.4681971Z' while content on disk has modification time of '2025-10-10T00:20:34.1275039Z'
  ERROR: Build asset version error: assets/scripts/carregador.cs in SourceAssetDB has modification time of '2025-10-10T00:20:26.4681971Z' while content on disk has modification time of '2025-10-10T00:20:34.1275039Z'
Number of updated asset objects reloaded before import = 0Number of asset objects unloaded after import = 0

========================================================================
Received Import Request.
  Time since last request: 0.000018 seconds.
  path: Assets/Scripts/Carregador.cs
  artifactKey: Guid(e6d39fec43ed0ee48bd6b7050d0bf632) Importer(815301076,1909f56bfc062723c751e8b465ee728b)
Start importing Assets/Scripts/Carregador.cs using Guid(e6d39fec43ed0ee48bd6b7050d0bf632) Importer(815301076,1909f56bfc062723c751e8b465ee728b) (PreviewImporter) -> (artifact id: '00000000000000000000000000000000') in 0.0004875 seconds
Import Error Code:(4)
Message: Build asset version error: assets/scripts/carregador.cs in SourceAssetDB has modification time of '2025-10-10T00:20:26.4681971Z' while content on disk has modification time of '2025-10-10T00:20:34.1275039Z'
  ERROR: Build asset version error: assets/scripts/carregador.cs in SourceAssetDB has modification time of '2025-10-10T00:20:26.4681971Z' while content on disk has modification time of '2025-10-10T00:20:34.1275039Z'
Number of updated asset objects reloaded before import = 0Number of asset objects unloaded after import = 0

========================================================================
Received Import Request.
  Time since last request: 0.000024 seconds.
  path: Assets/Scripts/Carregador.cs
  artifactKey: Guid(e6d39fec43ed0ee48bd6b7050d0bf632) Importer(815301076,1909f56bfc062723c751e8b465ee728b)
Start importing Assets/Scripts/Carregador.cs using Guid(e6d39fec43ed0ee48bd6b7050d0bf632) Importer(815301076,1909f56bfc062723c751e8b465ee728b) (PreviewImporter) -> (artifact id: '00000000000000000000000000000000') in 0.000548 seconds
Import Error Code:(4)
Message: Build asset version error: assets/scripts/carregador.cs in SourceAssetDB has modification time of '2025-10-10T00:20:26.4681971Z' while content on disk has modification time of '2025-10-10T00:20:34.1275039Z'
  ERROR: Build asset version error: assets/scripts/carregador.cs in SourceAssetDB has modification time of '2025-10-10T00:20:26.4681971Z' while content on disk has modification time of '2025-10-10T00:20:34.1275039Z'
Number of updated asset objects reloaded before import = 0Number of asset objects unloaded after import = 0

========================================================================
Received Import Request.
  Time since last request: 0.000046 seconds.
  path: Assets/Scripts/Carregador.cs
  artifactKey: Guid(e6d39fec43ed0ee48bd6b7050d0bf632) Importer(815301076,1909f56bfc062723c751e8b465ee728b)
Start importing Assets/Scripts/Carregador.cs using Guid(e6d39fec43ed0ee48bd6b7050d0bf632) Importer(815301076,1909f56bfc062723c751e8b465ee728b) (PreviewImporter) -> (artifact id: '00000000000000000000000000000000') in 0.0005414 seconds
Import Error Code:(4)
Message: Build asset version error: assets/scripts/carregador.cs in SourceAssetDB has modification time of '2025-10-10T00:20:26.4681971Z' while content on disk has modification time of '2025-10-10T00:20:34.1275039Z'
  ERROR: Build asset version error: assets/scripts/carregador.cs in SourceAssetDB has modification time of '2025-10-10T00:20:26.4681971Z' while content on disk has modification time of '2025-10-10T00:20:34.1275039Z'
Number of updated asset objects reloaded before import = 0Number of asset objects unloaded after import = 0

========================================================================
Received Import Request.
  Time since last request: 0.000013 seconds.
  path: Assets/Scripts/Carregador.cs
  artifactKey: Guid(e6d39fec43ed0ee48bd6b7050d0bf632) Importer(815301076,1909f56bfc062723c751e8b465ee728b)
Start importing Assets/Scripts/Carregador.cs using Guid(e6d39fec43ed0ee48bd6b7050d0bf632) Importer(815301076,1909f56bfc062723c751e8b465ee728b) (PreviewImporter) -> (artifact id: '00000000000000000000000000000000') in 0.0004867 seconds
Import Error Code:(4)
Message: Build asset version error: assets/scripts/carregador.cs in SourceAssetDB has modification time of '2025-10-10T00:20:26.4681971Z' while content on disk has modification time of '2025-10-10T00:20:34.1275039Z'
  ERROR: Build asset version error: assets/scripts/carregador.cs in SourceAssetDB has modification time of '2025-10-10T00:20:26.4681971Z' while content on disk has modification time of '2025-10-10T00:20:34.1275039Z'
Number of updated asset objects reloaded before import = 0Number of asset objects unloaded after import = 0

========================================================================
Received Import Request.
  Time since last request: 0.000012 seconds.
  path: Assets/Scripts/Carregador.cs
  artifactKey: Guid(e6d39fec43ed0ee48bd6b7050d0bf632) Importer(815301076,1909f56bfc062723c751e8b465ee728b)
Start importing Assets/Scripts/Carregador.cs using Guid(e6d39fec43ed0ee48bd6b7050d0bf632) Importer(815301076,1909f56bfc062723c751e8b465ee728b) (PreviewImporter) -> (artifact id: '00000000000000000000000000000000') in 0.0004855 seconds
Import Error Code:(4)
Message: Build asset version error: assets/scripts/carregador.cs in SourceAssetDB has modification time of '2025-10-10T00:20:26.4681971Z' while content on disk has modification time of '2025-10-10T00:20:34.1275039Z'
  ERROR: Build asset version error: assets/scripts/carregador.cs in SourceAssetDB has modification time of '2025-10-10T00:20:26.4681971Z' while content on disk has modification time of '2025-10-10T00:20:34.1275039Z'
Number of updated asset objects reloaded before import = 0Number of asset objects unloaded after import = 0

========================================================================
Received Import Request.
  Time since last request: 0.000013 seconds.
  path: Assets/Scripts/Carregador.cs
  artifactKey: Guid(e6d39fec43ed0ee48bd6b7050d0bf632) Importer(815301076,1909f56bfc062723c751e8b465ee728b)
Start importing Assets/Scripts/Carregador.cs using Guid(e6d39fec43ed0ee48bd6b7050d0bf632) Importer(815301076,1909f56bfc062723c751e8b465ee728b) (PreviewImporter) -> (artifact id: '00000000000000000000000000000000') in 0.000424 seconds
Import Error Code:(4)
Message: Build asset version error: assets/scripts/carregador.cs in SourceAssetDB has modification time of '2025-10-10T00:20:26.4681971Z' while content on disk has modification time of '2025-10-10T00:20:34.1275039Z'
  ERROR: Build asset version error: assets/scripts/carregador.cs in SourceAssetDB has modification time of '2025-10-10T00:20:26.4681971Z' while content on disk has modification time of '2025-10-10T00:20:34.1275039Z'
Number of updated asset objects reloaded before import = 0Number of asset objects unloaded after import = 0

========================================================================
Received Import Request.
  Time since last request: 0.000011 seconds.
  path: Assets/Scripts/Carregador.cs
  artifactKey: Guid(e6d39fec43ed0ee48bd6b7050d0bf632) Importer(815301076,1909f56bfc062723c751e8b465ee728b)
Start importing Assets/Scripts/Carregador.cs using Guid(e6d39fec43ed0ee48bd6b7050d0bf632) Importer(815301076,1909f56bfc062723c751e8b465ee728b) (PreviewImporter) -> (artifact id: '00000000000000000000000000000000') in 0.0004551 seconds
Import Error Code:(4)
Message: Build asset version error: assets/scripts/carregador.cs in SourceAssetDB has modification time of '2025-10-10T00:20:26.4681971Z' while content on disk has modification time of '2025-10-10T00:20:34.1275039Z'
  ERROR: Build asset version error: assets/scripts/carregador.cs in SourceAssetDB has modification time of '2025-10-10T00:20:26.4681971Z' while content on disk has modification time of '2025-10-10T00:20:34.1275039Z'
Number of updated asset objects reloaded before import = 0Number of asset objects unloaded after import = 0

========================================================================
Received Import Request.
  Time since last request: 0.000012 seconds.
  path: Assets/Scripts/Carregador.cs
  artifactKey: Guid(e6d39fec43ed0ee48bd6b7050d0bf632) Importer(815301076,1909f56bfc062723c751e8b465ee728b)
Start importing Assets/Scripts/Carregador.cs using Guid(e6d39fec43ed0ee48bd6b7050d0bf632) Importer(815301076,1909f56bfc062723c751e8b465ee728b) (PreviewImporter) -> (artifact id: '00000000000000000000000000000000') in 0.0004663 seconds
Import Error Code:(4)
Message: Build asset version error: assets/scripts/carregador.cs in SourceAssetDB has modification time of '2025-10-10T00:20:26.4681971Z' while content on disk has modification time of '2025-10-10T00:20:34.1275039Z'
  ERROR: Build asset version error: assets/scripts/carregador.cs in SourceAssetDB has modification time of '2025-10-10T00:20:26.4681971Z' while content on disk has modification time of '2025-10-10T00:20:34.1275039Z'
Number of updated asset objects reloaded before import = 0Number of asset objects unloaded after import = 0

========================================================================
Received Import Request.
  Time since last request: 0.000015 seconds.
  path: Assets/Scripts/Carregador.cs
  artifactKey: Guid(e6d39fec43ed0ee48bd6b7050d0bf632) Importer(815301076,1909f56bfc062723c751e8b465ee728b)
Start importing Assets/Scripts/Carregador.cs using Guid(e6d39fec43ed0ee48bd6b7050d0bf632) Importer(815301076,1909f56bfc062723c751e8b465ee728b) (PreviewImporter) -> (artifact id: '00000000000000000000000000000000') in 0.0004546 seconds
Import Error Code:(4)
Message: Build asset version error: assets/scripts/carregador.cs in SourceAssetDB has modification time of '2025-10-10T00:20:26.4681971Z' while content on disk has modification time of '2025-10-10T00:20:34.1275039Z'
  ERROR: Build asset version error: assets/scripts/carregador.cs in SourceAssetDB has modification time of '2025-10-10T00:20:26.4681971Z' while content on disk has modification time of '2025-10-10T00:20:34.1275039Z'
Number of updated asset objects reloaded before import = 0Number of asset objects unloaded after import = 0

========================================================================
Received Import Request.
  Time since last request: 0.000025 seconds.
  path: Assets/Scripts/Carregador.cs
  artifactKey: Guid(e6d39fec43ed0ee48bd6b7050d0bf632) Importer(815301076,1909f56bfc062723c751e8b465ee728b)
Start importing Assets/Scripts/Carregador.cs using Guid(e6d39fec43ed0ee48bd6b7050d0bf632) Importer(815301076,1909f56bfc062723c751e8b465ee728b) (PreviewImporter) -> (artifact id: '00000000000000000000000000000000') in 0.0004347 seconds
Import Error Code:(4)
Message: Build asset version error: assets/scripts/carregador.cs in SourceAssetDB has modification time of '2025-10-10T00:20:26.4681971Z' while content on disk has modification time of '2025-10-10T00:20:34.1275039Z'
  ERROR: Build asset version error: assets/scripts/carregador.cs in SourceAssetDB has modification time of '2025-10-10T00:20:26.4681971Z' while content on disk has modification time of '2025-10-10T00:20:34.1275039Z'
Number of updated asset objects reloaded before import = 0Number of asset objects unloaded after import = 0

========================================================================
Received Import Request.
  Time since last request: 0.000014 seconds.
  path: Assets/Scripts/Carregador.cs
  artifactKey: Guid(e6d39fec43ed0ee48bd6b7050d0bf632) Importer(815301076,1909f56bfc062723c751e8b465ee728b)
Start importing Assets/Scripts/Carregador.cs using Guid(e6d39fec43ed0ee48bd6b7050d0bf632) Importer(815301076,1909f56bfc062723c751e8b465ee728b) (PreviewImporter) -> (artifact id: '00000000000000000000000000000000') in 0.000427 seconds
Import Error Code:(4)
Message: Build asset version error: assets/scripts/carregador.cs in SourceAssetDB has modification time of '2025-10-10T00:20:26.4681971Z' while content on disk has modification time of '2025-10-10T00:20:34.1275039Z'
  ERROR: Build asset version error: assets/scripts/carregador.cs in SourceAssetDB has modification time of '2025-10-10T00:20:26.4681971Z' while content on disk has modification time of '2025-10-10T00:20:34.1275039Z'
Number of updated asset objects reloaded before import = 0Number of asset objects unloaded after import = 0

========================================================================
Received Import Request.
  Time since last request: 0.000011 seconds.
  path: Assets/Scripts/Carregador.cs
  artifactKey: Guid(e6d39fec43ed0ee48bd6b7050d0bf632) Importer(815301076,1909f56bfc062723c751e8b465ee728b)
Start importing Assets/Scripts/Carregador.cs using Guid(e6d39fec43ed0ee48bd6b7050d0bf632) Importer(815301076,1909f56bfc062723c751e8b465ee728b) (PreviewImporter) -> (artifact id: '00000000000000000000000000000000') in 0.0003916 seconds
Import Error Code:(4)
Message: Build asset version error: assets/scripts/carregador.cs in SourceAssetDB has modification time of '2025-10-10T00:20:26.4681971Z' while content on disk has modification time of '2025-10-10T00:20:34.1275039Z'
  ERROR: Build asset version error: assets/scripts/carregador.cs in SourceAssetDB has modification time of '2025-10-10T00:20:26.4681971Z' while content on disk has modification time of '2025-10-10T00:20:34.1275039Z'
Number of updated asset objects reloaded before import = 0Number of asset objects unloaded after import = 0

========================================================================
Received Import Request.
  Time since last request: 0.000017 seconds.
  path: Assets/Scripts/Carregador.cs
  artifactKey: Guid(e6d39fec43ed0ee48bd6b7050d0bf632) Importer(815301076,1909f56bfc062723c751e8b465ee728b)
Start importing Assets/Scripts/Carregador.cs using Guid(e6d39fec43ed0ee48bd6b7050d0bf632) Importer(815301076,1909f56bfc062723c751e8b465ee728b) (PreviewImporter) -> (artifact id: '00000000000000000000000000000000') in 0.0006358 seconds
Import Error Code:(4)
Message: Build asset version error: assets/scripts/carregador.cs in SourceAssetDB has modification time of '2025-10-10T00:20:26.4681971Z' while content on disk has modification time of '2025-10-10T00:20:34.1275039Z'
  ERROR: Build asset version error: assets/scripts/carregador.cs in SourceAssetDB has modification time of '2025-10-10T00:20:26.4681971Z' while content on disk has modification time of '2025-10-10T00:20:34.1275039Z'
Number of updated asset objects reloaded before import = 0Number of asset objects unloaded after import = 0

========================================================================
Received Import Request.
  Time since last request: 0.000012 seconds.
  path: Assets/Scripts/Carregador.cs
  artifactKey: Guid(e6d39fec43ed0ee48bd6b7050d0bf632) Importer(815301076,1909f56bfc062723c751e8b465ee728b)
Start importing Assets/Scripts/Carregador.cs using Guid(e6d39fec43ed0ee48bd6b7050d0bf632) Importer(815301076,1909f56bfc062723c751e8b465ee728b) (PreviewImporter) -> (artifact id: '00000000000000000000000000000000') in 0.0004241 seconds
Import Error Code:(4)
Message: Build asset version error: assets/scripts/carregador.cs in SourceAssetDB has modification time of '2025-10-10T00:20:26.4681971Z' while content on disk has modification time of '2025-10-10T00:20:34.1275039Z'
  ERROR: Build asset version error: assets/scripts/carregador.cs in SourceAssetDB has modification time of '2025-10-10T00:20:26.4681971Z' while content on disk has modification time of '2025-10-10T00:20:34.1275039Z'
Number of updated asset objects reloaded before import = 0Number of asset objects unloaded after import = 0

========================================================================
Received Import Request.
  Time since last request: 0.000012 seconds.
  path: Assets/Scripts/Carregador.cs
  artifactKey: Guid(e6d39fec43ed0ee48bd6b7050d0bf632) Importer(815301076,1909f56bfc062723c751e8b465ee728b)
Start importing Assets/Scripts/Carregador.cs using Guid(e6d39fec43ed0ee48bd6b7050d0bf632) Importer(815301076,1909f56bfc062723c751e8b465ee728b) (PreviewImporter) -> (artifact id: '00000000000000000000000000000000') in 0.0004383 seconds
Import Error Code:(4)
Message: Build asset version error: assets/scripts/carregador.cs in SourceAssetDB has modification time of '2025-10-10T00:20:26.4681971Z' while content on disk has modification time of '2025-10-10T00:20:34.1275039Z'
  ERROR: Build asset version error: assets/scripts/carregador.cs in SourceAssetDB has modification time of '2025-10-10T00:20:26.4681971Z' while content on disk has modification time of '2025-10-10T00:20:34.1275039Z'
Number of updated asset objects reloaded before import = 0Number of asset objects unloaded after import = 0

========================================================================
Received Import Request.
  Time since last request: 0.000012 seconds.
  path: Assets/Scripts/Carregador.cs
  artifactKey: Guid(e6d39fec43ed0ee48bd6b7050d0bf632) Importer(815301076,1909f56bfc062723c751e8b465ee728b)
Start importing Assets/Scripts/Carregador.cs using Guid(e6d39fec43ed0ee48bd6b7050d0bf632) Importer(815301076,1909f56bfc062723c751e8b465ee728b) (PreviewImporter) -> (artifact id: '00000000000000000000000000000000') in 0.0004464 seconds
Import Error Code:(4)
Message: Build asset version error: assets/scripts/carregador.cs in SourceAssetDB has modification time of '2025-10-10T00:20:26.4681971Z' while content on disk has modification time of '2025-10-10T00:20:34.1275039Z'
  ERROR: Build asset version error: assets/scripts/carregador.cs in SourceAssetDB has modification time of '2025-10-10T00:20:26.4681971Z' while content on disk has modification time of '2025-10-10T00:20:34.1275039Z'
Number of updated asset objects reloaded before import = 0Number of asset objects unloaded after import = 0

========================================================================
Received Import Request.
  Time since last request: 0.000012 seconds.
  path: Assets/Scripts/Carregador.cs
  artifactKey: Guid(e6d39fec43ed0ee48bd6b7050d0bf632) Importer(815301076,1909f56bfc062723c751e8b465ee728b)
Start importing Assets/Scripts/Carregador.cs using Guid(e6d39fec43ed0ee48bd6b7050d0bf632) Importer(815301076,1909f56bfc062723c751e8b465ee728b) (PreviewImporter) -> (artifact id: '00000000000000000000000000000000') in 0.0004077 seconds
Import Error Code:(4)
Message: Build asset version error: assets/scripts/carregador.cs in SourceAssetDB has modification time of '2025-10-10T00:20:26.4681971Z' while content on disk has modification time of '2025-10-10T00:20:34.1275039Z'
  ERROR: Build asset version error: assets/scripts/carregador.cs in SourceAssetDB has modification time of '2025-10-10T00:20:26.4681971Z' while content on disk has modification time of '2025-10-10T00:20:34.1275039Z'
Number of updated asset objects reloaded before import = 0Number of asset objects unloaded after import = 0

========================================================================
Received Import Request.
  Time since last request: 0.000016 seconds.
  path: Assets/Scripts/Carregador.cs
  artifactKey: Guid(e6d39fec43ed0ee48bd6b7050d0bf632) Importer(815301076,1909f56bfc062723c751e8b465ee728b)
Start importing Assets/Scripts/Carregador.cs using Guid(e6d39fec43ed0ee48bd6b7050d0bf632) Importer(815301076,1909f56bfc062723c751e8b465ee728b) (PreviewImporter) -> (artifact id: '00000000000000000000000000000000') in 0.0004324 seconds
Import Error Code:(4)
Message: Build asset version error: assets/scripts/carregador.cs in SourceAssetDB has modification time of '2025-10-10T00:20:26.4681971Z' while content on disk has modification time of '2025-10-10T00:20:34.1275039Z'
  ERROR: Build asset version error: assets/scripts/carregador.cs in SourceAssetDB has modification time of '2025-10-10T00:20:26.4681971Z' while content on disk has modification time of '2025-10-10T00:20:34.1275039Z'
Number of updated asset objects reloaded before import = 0Number of asset objects unloaded after import = 0

========================================================================
Received Import Request.
  Time since last request: 0.000026 seconds.
  path: Assets/Scripts/Carregador.cs
  artifactKey: Guid(e6d39fec43ed0ee48bd6b7050d0bf632) Importer(815301076,1909f56bfc062723c751e8b465ee728b)
Start importing Assets/Scripts/Carregador.cs using Guid(e6d39fec43ed0ee48bd6b7050d0bf632) Importer(815301076,1909f56bfc062723c751e8b465ee728b) (PreviewImporter) -> (artifact id: '00000000000000000000000000000000') in 0.0004735 seconds
Import Error Code:(4)
Message: Build asset version error: assets/scripts/carregador.cs in SourceAssetDB has modification time of '2025-10-10T00:20:26.4681971Z' while content on disk has modification time of '2025-10-10T00:20:34.1275039Z'
  ERROR: Build asset version error: assets/scripts/carregador.cs in SourceAssetDB has modification time of '2025-10-10T00:20:26.4681971Z' while content on disk has modification time of '2025-10-10T00:20:34.1275039Z'
Number of updated asset objects reloaded before import = 0Number of asset objects unloaded after import = 0

========================================================================
Received Import Request.
  Time since last request: 0.000014 seconds.
  path: Assets/Scripts/Carregador.cs
  artifactKey: Guid(e6d39fec43ed0ee48bd6b7050d0bf632) Importer(815301076,1909f56bfc062723c751e8b465ee728b)
Start importing Assets/Scripts/Carregador.cs using Guid(e6d39fec43ed0ee48bd6b7050d0bf632) Importer(815301076,1909f56bfc062723c751e8b465ee728b) (PreviewImporter) -> (artifact id: '00000000000000000000000000000000') in 0.0004799 seconds
Import Error Code:(4)
Message: Build asset version error: assets/scripts/carregador.cs in SourceAssetDB has modification time of '2025-10-10T00:20:26.4681971Z' while content on disk has modification time of '2025-10-10T00:20:34.1275039Z'
  ERROR: Build asset version error: assets/scripts/carregador.cs in SourceAssetDB has modification time of '2025-10-10T00:20:26.4681971Z' while content on disk has modification time of '2025-10-10T00:20:34.1275039Z'
Number of updated asset objects reloaded before import = 0Number of asset objects unloaded after import = 0

========================================================================
Received Import Request.
  Time since last request: 0.000017 seconds.
  path: Assets/Scripts/Carregador.cs
  artifactKey: Guid(e6d39fec43ed0ee48bd6b7050d0bf632) Importer(815301076,1909f56bfc062723c751e8b465ee728b)
Start importing Assets/Scripts/Carregador.cs using Guid(e6d39fec43ed0ee48bd6b7050d0bf632) Importer(815301076,1909f56bfc062723c751e8b465ee728b) (PreviewImporter) -> (artifact id: '00000000000000000000000000000000') in 0.0005262 seconds
Import Error Code:(4)
Message: Build asset version error: assets/scripts/carregador.cs in SourceAssetDB has modification time of '2025-10-10T00:20:26.4681971Z' while content on disk has modification time of '2025-10-10T00:20:34.1275039Z'
  ERROR: Build asset version error: assets/scripts/carregador.cs in SourceAssetDB has modification time of '2025-10-10T00:20:26.4681971Z' while content on disk has modification time of '2025-10-10T00:20:34.1275039Z'
Number of updated asset objects reloaded before import = 0Number of asset objects unloaded after import = 0

========================================================================
Received Prepare
Assembly reference Packages/com.unity.cinemachine/Editor/Samples/ExposeHDRPInternals/HDRP-Editor-ref.asmref has no target assembly definition
Assembly reference Packages/com.unity.cinemachine/Editor/Samples/ExposeHDRPInternals/HDRP-Editor-ref.asmref has no target assembly definition
Begin MonoManager ReloadAssembly
[Licensing::Client] Successfully resolved entitlement details
- Loaded All Assemblies, in  0.652 seconds
Assembly reference Packages/com.unity.cinemachine/Editor/Samples/ExposeHDRPInternals/HDRP-Editor-ref.asmref has no target assembly definition
'Packages/com.unity.cinemachine/Editor/Obsolete/CinemachineVirtualCameraBaseEditor.cs' contains partial class of Unity.Object, exactly 1 of the partial classes needs to be in a file with the same filename. This is to know the one that can be referenced from ie. GameObjects
'Packages/com.unity.cinemachine/Editor/Editors/CinemachineVirtualCameraBaseEditor.cs' contains partial class of Unity.Object, exactly 1 of the partial classes needs to be in a file with the same filename. This is to know the one that can be referenced from ie. GameObjects
Refreshing native plugins compatible for Editor in 1.24 ms, found 4 plugins.
Native extension for LinuxStandalone target not found
Native extension for UWP target not found
Native extension for WindowsStandalone target not found
Native extension for WebGL target not found
Assembly reference Packages/com.unity.cinemachine/Editor/Samples/ExposeHDRPInternals/HDRP-Editor-ref.asmref has no target assembly definition
[MODES] ModeService[none].Initialize
[MODES] ModeService[none].LoadModes
[Package Manager] Failed to launch server process. Reason: Unity was launched with the -noUpm command-line argument
[Package Manager] Unable to send message (not connected to server process).
[Package Manager] Cannot connect to Unity Package Manager local server
[Package Manager] Failed to launch server process. Reason: Unity was launched with the -noUpm command-line argument
[Package Manager] Unable to send message (not connected to server process).
[Package Manager] Cannot connect to Unity Package Manager local server
Mono: successfully reloaded assembly
- Finished resetting the current domain, in  0.938 seconds
Domain Reload Profiling: 1590ms
	BeginReloadAssembly (169ms)
		ExecutionOrderSort (0ms)
		DisableScriptedObjects (4ms)
		BackupInstance (0ms)
		ReleaseScriptingObjects (0ms)
		CreateAndSetChildDomain (47ms)
	RebuildCommonClasses (23ms)
	RebuildNativeTypeToScriptingClass (13ms)
	initialDomainReloadingComplete (27ms)
	LoadAllAssembliesAndSetupDomain (418ms)
		LoadAssemblies (305ms)
		RebuildTransferFunctionScriptingTraits (0ms)
		AnalyzeDomain (178ms)
			TypeCache.Refresh (5ms)
				TypeCache.ScanAssembly (0ms)
			BuildScriptInfoCaches (154ms)
			ResolveRequiredComponents (11ms)
	FinalizeReload (938ms)
		ReleaseScriptCaches (0ms)
		RebuildScriptCaches (0ms)
		SetupLoadedEditorAssemblies (814ms)
			LogAssemblyErrors (0ms)
			InitializePlatformSupportModulesInManaged (2ms)
			SetLoadedEditorAssemblies (5ms)
			BeforeProcessingInitializeOnLoad (159ms)
			ProcessInitializeOnLoadAttributes (607ms)
			ProcessInitializeOnLoadMethodAttributes (36ms)
			AfterProcessingInitializeOnLoad (5ms)
			EditorAssembliesLoaded (0ms)
		ExecutionOrderSort2 (0ms)
		AwakeInstancesAfterBackupRestoration (14ms)
WARNING: Shader Unsupported: 'Hidden/Builtin_TerrainVisualization' - All subshaders removed
WARNING: Shader Did you use #pragma only_renderers and omit this platform?
WARNING: Shader If subshaders removal was intentional, you may have forgotten turning Fallback off?
WARNING: Shader Unsupported: 'Hidden/Builtin_TerrainVisualization' - All subshaders removed
WARNING: Shader Did you use #pragma only_renderers and omit this platform?
WARNING: Shader If subshaders removal was intentional, you may have forgotten turning Fallback off?
Refreshing native plugins compatible for Editor in 1.37 ms, found 4 plugins.
Preloading 0 native plugins for Editor in 0.00 ms.
Unloading 87 Unused Serialized files (Serialized files now loaded: 0)
Unloading 7506 unused Assets / (12.2 MB). Loaded Objects now: 8188.
Memory consumption went from 167.5 MB to 155.4 MB.
Total: 11.454400 ms (FindLiveObjects: 1.149500 ms CreateObjectMapping: 0.390000 ms MarkObjects: 4.577900 ms  DeleteObjects: 5.336200 ms)

Prepare: number of updated asset objects reloaded= 0
========================================================================
Received Import Request.
  Time since last request: 5.853016 seconds.
  path: Assets/Scripts/Carregador.cs
  artifactKey: Guid(e6d39fec43ed0ee48bd6b7050d0bf632) Importer(815301076,1909f56bfc062723c751e8b465ee728b)
Start importing Assets/Scripts/Carregador.cs using Guid(e6d39fec43ed0ee48bd6b7050d0bf632) Importer(815301076,1909f56bfc062723c751e8b465ee728b) (PreviewImporter) -> (artifact id: '1838cbe7f3fadba1580e7db53204cdf2') in 0.005284 seconds
Number of updated asset objects reloaded before import = 0Number of asset objects unloaded after import = 0

========================================================================
Received Import Request.
  Time since last request: 9.494009 seconds.
  path: Assets/Scripts/Carregador.cs
  artifactKey: Guid(e6d39fec43ed0ee48bd6b7050d0bf632) Importer(2089858483,192608db42251d675da83286b1cce702)
Start importing Assets/Scripts/Carregador.cs using Guid(e6d39fec43ed0ee48bd6b7050d0bf632) Importer(2089858483,192608db42251d675da83286b1cce702) (ScriptedImporter) -> (artifact id: 'f851e773a26e9ac9a01176768265238e') in 0.1329993 seconds
Number of updated asset objects reloaded before import = 0Number of asset objects unloaded after import = 0

========================================================================
Received Prepare
'Packages/com.unity.cinemachine/Editor/Obsolete/CinemachineVirtualCameraBaseEditor.cs' contains partial class of Unity.Object, exactly 1 of the partial classes needs to be in a file with the same filename. This is to know the one that can be referenced from ie. GameObjects
'Packages/com.unity.cinemachine/Editor/Editors/CinemachineVirtualCameraBaseEditor.cs' contains partial class of Unity.Object, exactly 1 of the partial classes needs to be in a file with the same filename. This is to know the one that can be referenced from ie. GameObjects
WARNING: Shader Unsupported: 'Hidden/Builtin_TerrainVisualization' - All subshaders removed
WARNING: Shader Did you use #pragma only_renderers and omit this platform?
WARNING: Shader If subshaders removal was intentional, you may have forgotten turning Fallback off?
WARNING: Shader Unsupported: 'Hidden/Builtin_TerrainVisualization' - All subshaders removed
WARNING: Shader Did you use #pragma only_renderers and omit this platform?
WARNING: Shader If subshaders removal was intentional, you may have forgotten turning Fallback off?
Refreshing native plugins compatible for Editor in 1.20 ms, found 4 plugins.
Preloading 0 native plugins for Editor in 0.00 ms.
Unloading 87 Unused Serialized files (Serialized files now loaded: 0)
Unloading 7497 unused Assets / (12.2 MB). Loaded Objects now: 8189.
Memory consumption went from 167.7 MB to 155.5 MB.
Total: 10.346200 ms (FindLiveObjects: 0.750300 ms CreateObjectMapping: 0.246800 ms MarkObjects: 4.323300 ms  DeleteObjects: 5.025100 ms)

Prepare: number of updated asset objects reloaded= 0
========================================================================
Received Import Request.
  Time since last request: 1.563149 seconds.
  path: Assets/Scripts/HUDManager.cs
  artifactKey: Guid(b7bcd2bd19e7f4247933cde86e8ce30d) Importer(815301076,1909f56bfc062723c751e8b465ee728b)
Start importing Assets/Scripts/HUDManager.cs using Guid(b7bcd2bd19e7f4247933cde86e8ce30d) Importer(815301076,1909f56bfc062723c751e8b465ee728b) (PreviewImporter) -> (artifact id: 'c917b00192d41b03505558345fc4c8b7') in 0.0037613 seconds
Number of updated asset objects reloaded before import = 0Number of asset objects unloaded after import = 0

========================================================================
Received Import Request.
  Time since last request: 0.000013 seconds.
  path: Assets/Scripts/HUDManager.cs
  artifactKey: Guid(b7bcd2bd19e7f4247933cde86e8ce30d) Importer(2089858483,192608db42251d675da83286b1cce702)
Start importing Assets/Scripts/HUDManager.cs using Guid(b7bcd2bd19e7f4247933cde86e8ce30d) Importer(2089858483,192608db42251d675da83286b1cce702) (ScriptedImporter) -> (artifact id: '2c8f2b85b8b13bb268744c732f7eb3c7') in 0.0034592 seconds
Number of updated asset objects reloaded before import = 0Number of asset objects unloaded after import = 0

========================================================================
Received Prepare
Assembly reference Packages/com.unity.cinemachine/Editor/Samples/ExposeHDRPInternals/HDRP-Editor-ref.asmref has no target assembly definition
Assembly reference Packages/com.unity.cinemachine/Editor/Samples/ExposeHDRPInternals/HDRP-Editor-ref.asmref has no target assembly definition
Begin MonoManager ReloadAssembly
- Loaded All Assemblies, in  0.612 seconds
Assembly reference Packages/com.unity.cinemachine/Editor/Samples/ExposeHDRPInternals/HDRP-Editor-ref.asmref has no target assembly definition
'Packages/com.unity.cinemachine/Editor/Obsolete/CinemachineVirtualCameraBaseEditor.cs' contains partial class of Unity.Object, exactly 1 of the partial classes needs to be in a file with the same filename. This is to know the one that can be referenced from ie. GameObjects
'Packages/com.unity.cinemachine/Editor/Editors/CinemachineVirtualCameraBaseEditor.cs' contains partial class of Unity.Object, exactly 1 of the partial classes needs to be in a file with the same filename. This is to know the one that can be referenced from ie. GameObjects
Refreshing native plugins compatible for Editor in 1.47 ms, found 4 plugins.
Native extension for LinuxStandalone target not found
Native extension for UWP target not found
Native extension for WindowsStandalone target not found
Native extension for WebGL target not found
Assembly reference Packages/com.unity.cinemachine/Editor/Samples/ExposeHDRPInternals/HDRP-Editor-ref.asmref has no target assembly definition
[MODES] ModeService[none].Initialize
[MODES] ModeService[none].LoadModes
[Package Manager] Failed to launch server process. Reason: Unity was launched with the -noUpm command-line argument
[Package Manager] Unable to send message (not connected to server process).
[Package Manager] Cannot connect to Unity Package Manager local server
[Package Manager] Failed to launch server process. Reason: Unity was launched with the -noUpm command-line argument
[Package Manager] Unable to send message (not connected to server process).
[Package Manager] Cannot connect to Unity Package Manager local server
Mono: successfully reloaded assembly
- Finished resetting the current domain, in  0.871 seconds
Domain Reload Profiling: 1482ms
	BeginReloadAssembly (180ms)
		ExecutionOrderSort (0ms)
		DisableScriptedObjects (4ms)
		BackupInstance (0ms)
		ReleaseScriptingObjects (0ms)
		CreateAndSetChildDomain (67ms)
	RebuildCommonClasses (23ms)
	RebuildNativeTypeToScriptingClass (9ms)
	initialDomainReloadingComplete (24ms)
	LoadAllAssembliesAndSetupDomain (374ms)
		LoadAssemblies (298ms)
		RebuildTransferFunctionScriptingTraits (0ms)
		AnalyzeDomain (140ms)
			TypeCache.Refresh (7ms)
				TypeCache.ScanAssembly (0ms)
			BuildScriptInfoCaches (122ms)
			ResolveRequiredComponents (8ms)
	FinalizeReload (872ms)
		ReleaseScriptCaches (0ms)
		RebuildScriptCaches (0ms)
		SetupLoadedEditorAssemblies (748ms)
			LogAssemblyErrors (0ms)
			InitializePlatformSupportModulesInManaged (2ms)
			SetLoadedEditorAssemblies (6ms)
			BeforeProcessingInitializeOnLoad (156ms)
			ProcessInitializeOnLoadAttributes (541ms)
			ProcessInitializeOnLoadMethodAttributes (37ms)
			AfterProcessingInitializeOnLoad (5ms)
			EditorAssembliesLoaded (0ms)
		ExecutionOrderSort2 (0ms)
		AwakeInstancesAfterBackupRestoration (17ms)
WARNING: Shader Unsupported: 'Hidden/Builtin_TerrainVisualization' - All subshaders removed
WARNING: Shader Did you use #pragma only_renderers and omit this platform?
WARNING: Shader If subshaders removal was intentional, you may have forgotten turning Fallback off?
WARNING: Shader Unsupported: 'Hidden/Builtin_TerrainVisualization' - All subshaders removed
WARNING: Shader Did you use #pragma only_renderers and omit this platform?
WARNING: Shader If subshaders removal was intentional, you may have forgotten turning Fallback off?
Refreshing native plugins compatible for Editor in 1.18 ms, found 4 plugins.
Preloading 0 native plugins for Editor in 0.00 ms.
Unloading 87 Unused Serialized files (Serialized files now loaded: 0)
Unloading 7507 unused Assets / (12.7 MB). Loaded Objects now: 8193.
Memory consumption went from 167.6 MB to 154.8 MB.
Total: 14.336200 ms (FindLiveObjects: 0.768700 ms CreateObjectMapping: 0.623300 ms MarkObjects: 4.956500 ms  DeleteObjects: 7.987000 ms)

Prepare: number of updated asset objects reloaded= 0
========================================================================
Received Prepare
'Packages/com.unity.cinemachine/Editor/Obsolete/CinemachineVirtualCameraBaseEditor.cs' contains partial class of Unity.Object, exactly 1 of the partial classes needs to be in a file with the same filename. This is to know the one that can be referenced from ie. GameObjects
'Packages/com.unity.cinemachine/Editor/Editors/CinemachineVirtualCameraBaseEditor.cs' contains partial class of Unity.Object, exactly 1 of the partial classes needs to be in a file with the same filename. This is to know the one that can be referenced from ie. GameObjects
WARNING: Shader Unsupported: 'Hidden/Builtin_TerrainVisualization' - All subshaders removed
WARNING: Shader Did you use #pragma only_renderers and omit this platform?
WARNING: Shader If subshaders removal was intentional, you may have forgotten turning Fallback off?
WARNING: Shader Unsupported: 'Hidden/Builtin_TerrainVisualization' - All subshaders removed
WARNING: Shader Did you use #pragma only_renderers and omit this platform?
WARNING: Shader If subshaders removal was intentional, you may have forgotten turning Fallback off?
Refreshing native plugins compatible for Editor in 1.55 ms, found 4 plugins.
Preloading 0 native plugins for Editor in 0.00 ms.
Unloading 87 Unused Serialized files (Serialized files now loaded: 0)
Unloading 7497 unused Assets / (13.5 MB). Loaded Objects now: 8193.
Memory consumption went from 167.8 MB to 154.2 MB.
Total: 13.895100 ms (FindLiveObjects: 0.774300 ms CreateObjectMapping: 0.656400 ms MarkObjects: 4.946100 ms  DeleteObjects: 7.517200 ms)

Prepare: number of updated asset objects reloaded= 0
========================================================================
Received Prepare
Assembly reference Packages/com.unity.cinemachine/Editor/Samples/ExposeHDRPInternals/HDRP-Editor-ref.asmref has no target assembly definition
Assembly reference Packages/com.unity.cinemachine/Editor/Samples/ExposeHDRPInternals/HDRP-Editor-ref.asmref has no target assembly definition
Begin MonoManager ReloadAssembly
- Loaded All Assemblies, in  0.816 seconds
Assembly reference Packages/com.unity.cinemachine/Editor/Samples/ExposeHDRPInternals/HDRP-Editor-ref.asmref has no target assembly definition
'Packages/com.unity.cinemachine/Editor/Obsolete/CinemachineVirtualCameraBaseEditor.cs' contains partial class of Unity.Object, exactly 1 of the partial classes needs to be in a file with the same filename. This is to know the one that can be referenced from ie. GameObjects
'Packages/com.unity.cinemachine/Editor/Editors/CinemachineVirtualCameraBaseEditor.cs' contains partial class of Unity.Object, exactly 1 of the partial classes needs to be in a file with the same filename. This is to know the one that can be referenced from ie. GameObjects
Refreshing native plugins compatible for Editor in 3.83 ms, found 4 plugins.
Native extension for LinuxStandalone target not found
Native extension for UWP target not found
Native extension for WindowsStandalone target not found
Native extension for WebGL target not found
Assembly reference Packages/com.unity.cinemachine/Editor/Samples/ExposeHDRPInternals/HDRP-Editor-ref.asmref has no target assembly definition
[MODES] ModeService[none].Initialize
[MODES] ModeService[none].LoadModes
[Package Manager] Failed to launch server process. Reason: Unity was launched with the -noUpm command-line argument
[Package Manager] Unable to send message (not connected to server process).
[Package Manager] Cannot connect to Unity Package Manager local server
[Package Manager] Failed to launch server process. Reason: Unity was launched with the -noUpm command-line argument
[Package Manager] Unable to send message (not connected to server process).
[Package Manager] Cannot connect to Unity Package Manager local server
Mono: successfully reloaded assembly
- Finished resetting the current domain, in  0.975 seconds
Domain Reload Profiling: 1789ms
	BeginReloadAssembly (202ms)
		ExecutionOrderSort (0ms)
		DisableScriptedObjects (7ms)
		BackupInstance (0ms)
		ReleaseScriptingObjects (0ms)
		CreateAndSetChildDomain (52ms)
	RebuildCommonClasses (36ms)
	RebuildNativeTypeToScriptingClass (18ms)
	initialDomainReloadingComplete (36ms)
	LoadAllAssembliesAndSetupDomain (522ms)
		LoadAssemblies (419ms)
		RebuildTransferFunctionScriptingTraits (0ms)
		AnalyzeDomain (188ms)
			TypeCache.Refresh (9ms)
				TypeCache.ScanAssembly (0ms)
			BuildScriptInfoCaches (163ms)
			ResolveRequiredComponents (12ms)
	FinalizeReload (975ms)
		ReleaseScriptCaches (0ms)
		RebuildScriptCaches (0ms)
		SetupLoadedEditorAssemblies (818ms)
			LogAssemblyErrors (0ms)
			InitializePlatformSupportModulesInManaged (3ms)
			SetLoadedEditorAssemblies (7ms)
			BeforeProcessingInitializeOnLoad (233ms)
			ProcessInitializeOnLoadAttributes (539ms)
			ProcessInitializeOnLoadMethodAttributes (32ms)
			AfterProcessingInitializeOnLoad (4ms)
			EditorAssembliesLoaded (0ms)
		ExecutionOrderSort2 (0ms)
		AwakeInstancesAfterBackupRestoration (15ms)
WARNING: Shader Unsupported: 'Hidden/Builtin_TerrainVisualization' - All subshaders removed
WARNING: Shader Did you use #pragma only_renderers and omit this platform?
WARNING: Shader If subshaders removal was intentional, you may have forgotten turning Fallback off?
WARNING: Shader Unsupported: 'Hidden/Builtin_TerrainVisualization' - All subshaders removed
WARNING: Shader Did you use #pragma only_renderers and omit this platform?
WARNING: Shader If subshaders removal was intentional, you may have forgotten turning Fallback off?
Refreshing native plugins compatible for Editor in 1.32 ms, found 4 plugins.
Preloading 0 native plugins for Editor in 0.00 ms.
Unloading 87 Unused Serialized files (Serialized files now loaded: 0)
Unloading 7507 unused Assets / (12.3 MB). Loaded Objects now: 8197.
Memory consumption went from 167.6 MB to 155.3 MB.
Total: 11.224800 ms (FindLiveObjects: 0.774500 ms CreateObjectMapping: 0.350800 ms MarkObjects: 4.776500 ms  DeleteObjects: 5.322200 ms)

Prepare: number of updated asset objects reloaded= 0
========================================================================
Received Prepare
Assembly reference Packages/com.unity.cinemachine/Editor/Samples/ExposeHDRPInternals/HDRP-Editor-ref.asmref has no target assembly definition
Assembly reference Packages/com.unity.cinemachine/Editor/Samples/ExposeHDRPInternals/HDRP-Editor-ref.asmref has no target assembly definition
Begin MonoManager ReloadAssembly
[Licensing::Client] Successfully resolved entitlement details
- Loaded All Assemblies, in  0.626 seconds
Assembly reference Packages/com.unity.cinemachine/Editor/Samples/ExposeHDRPInternals/HDRP-Editor-ref.asmref has no target assembly definition
'Packages/com.unity.cinemachine/Editor/Obsolete/CinemachineVirtualCameraBaseEditor.cs' contains partial class of Unity.Object, exactly 1 of the partial classes needs to be in a file with the same filename. This is to know the one that can be referenced from ie. GameObjects
'Packages/com.unity.cinemachine/Editor/Editors/CinemachineVirtualCameraBaseEditor.cs' contains partial class of Unity.Object, exactly 1 of the partial classes needs to be in a file with the same filename. This is to know the one that can be referenced from ie. GameObjects
Refreshing native plugins compatible for Editor in 1.15 ms, found 4 plugins.
Native extension for LinuxStandalone target not found
Native extension for UWP target not found
Native extension for WindowsStandalone target not found
Native extension for WebGL target not found
Assembly reference Packages/com.unity.cinemachine/Editor/Samples/ExposeHDRPInternals/HDRP-Editor-ref.asmref has no target assembly definition
[MODES] ModeService[none].Initialize
[MODES] ModeService[none].LoadModes
[Package Manager] Failed to launch server process. Reason: Unity was launched with the -noUpm command-line argument
[Package Manager] Unable to send message (not connected to server process).
[Package Manager] Cannot connect to Unity Package Manager local server
[Package Manager] Failed to launch server process. Reason: Unity was launched with the -noUpm command-line argument
[Package Manager] Unable to send message (not connected to server process).
[Package Manager] Cannot connect to Unity Package Manager local server
Mono: successfully reloaded assembly
- Finished resetting the current domain, in  0.819 seconds
Domain Reload Profiling: 1441ms
	BeginReloadAssembly (158ms)
		ExecutionOrderSort (0ms)
		DisableScriptedObjects (4ms)
		BackupInstance (0ms)
		ReleaseScriptingObjects (0ms)
		CreateAndSetChildDomain (43ms)
	RebuildCommonClasses (38ms)
	RebuildNativeTypeToScriptingClass (12ms)
	initialDomainReloadingComplete (28ms)
	LoadAllAssembliesAndSetupDomain (386ms)
		LoadAssemblies (308ms)
		RebuildTransferFunctionScriptingTraits (0ms)
		AnalyzeDomain (142ms)
			TypeCache.Refresh (7ms)
				TypeCache.ScanAssembly (0ms)
			BuildScriptInfoCaches (122ms)
			ResolveRequiredComponents (10ms)
	FinalizeReload (819ms)
		ReleaseScriptCaches (0ms)
		RebuildScriptCaches (0ms)
		SetupLoadedEditorAssemblies (697ms)
			LogAssemblyErrors (0ms)
			InitializePlatformSupportModulesInManaged (2ms)
			SetLoadedEditorAssemblies (6ms)
			BeforeProcessingInitializeOnLoad (146ms)
			ProcessInitializeOnLoadAttributes (501ms)
			ProcessInitializeOnLoadMethodAttributes (37ms)
			AfterProcessingInitializeOnLoad (5ms)
			EditorAssembliesLoaded (0ms)
		ExecutionOrderSort2 (0ms)
		AwakeInstancesAfterBackupRestoration (16ms)
WARNING: Shader Unsupported: 'Hidden/Builtin_TerrainVisualization' - All subshaders removed
WARNING: Shader Did you use #pragma only_renderers and omit this platform?
WARNING: Shader If subshaders removal was intentional, you may have forgotten turning Fallback off?
WARNING: Shader Unsupported: 'Hidden/Builtin_TerrainVisualization' - All subshaders removed
WARNING: Shader Did you use #pragma only_renderers and omit this platform?
WARNING: Shader If subshaders removal was intentional, you may have forgotten turning Fallback off?
Refreshing native plugins compatible for Editor in 1.28 ms, found 4 plugins.
Preloading 0 native plugins for Editor in 0.00 ms.
Unloading 87 Unused Serialized files (Serialized files now loaded: 0)
Unloading 7507 unused Assets / (12.4 MB). Loaded Objects now: 8201.
Memory consumption went from 167.7 MB to 155.3 MB.
Total: 10.789700 ms (FindLiveObjects: 0.748500 ms CreateObjectMapping: 0.260600 ms MarkObjects: 3.959900 ms  DeleteObjects: 5.820100 ms)

Prepare: number of updated asset objects reloaded= 0
========================================================================
Received Import Request.
  Time since last request: 79.408216 seconds.
  path: Assets/Scripts/HUDManager.cs
  artifactKey: Guid(b7bcd2bd19e7f4247933cde86e8ce30d) Importer(2089858483,192608db42251d675da83286b1cce702)
Start importing Assets/Scripts/HUDManager.cs using Guid(b7bcd2bd19e7f4247933cde86e8ce30d) Importer(2089858483,192608db42251d675da83286b1cce702) (ScriptedImporter) -> (artifact id: 'a0704a48d55b583376a63c7f9266a817') in 0.1897108 seconds
Number of updated asset objects reloaded before import = 0Number of asset objects unloaded after import = 0

========================================================================
Received Import Request.
  Time since last request: 18.103192 seconds.
  path: Assets/Scenes/SampleScene.unity
  artifactKey: Guid(99c9720ab356a0642a771bea13969a05) Importer(2089858483,192608db42251d675da83286b1cce702)
Start importing Assets/Scenes/SampleScene.unity using Guid(99c9720ab356a0642a771bea13969a05) Importer(2089858483,192608db42251d675da83286b1cce702) (ScriptedImporter) -> (artifact id: '3f833cb52d4e88d47010df091dfc67b4') in 0.0102478 seconds
Number of updated asset objects reloaded before import = 0Number of asset objects unloaded after import = 1

========================================================================
Received Import Request.
  Time since last request: 45.691472 seconds.
  path: Assets/Scenes/SampleScene.unity
  artifactKey: Guid(99c9720ab356a0642a771bea13969a05) Importer(2089858483,192608db42251d675da83286b1cce702)
Start importing Assets/Scenes/SampleScene.unity using Guid(99c9720ab356a0642a771bea13969a05) Importer(2089858483,192608db42251d675da83286b1cce702) (ScriptedImporter) -> (artifact id: '94a4542233a5658ee33795f6ff4301fd') in 0.0054464 seconds
Number of updated asset objects reloaded before import = 0Number of asset objects unloaded after import = 1

========================================================================
Received Import Request.
  Time since last request: 33.308636 seconds.
  path: Assets/Prefabs/bb.prefab
  artifactKey: Guid(d822cf7e505e2e5438b4f4aa664443d6) Importer(815301076,1909f56bfc062723c751e8b465ee728b)
Start importing Assets/Prefabs/bb.prefab using Guid(d822cf7e505e2e5438b4f4aa664443d6) Importer(815301076,1909f56bfc062723c751e8b465ee728b) (PreviewImporter) -> (artifact id: 'e6a4b2d7947d8d3bf744c687fc057003') in 2.0328826 seconds
Number of updated asset objects reloaded before import = 0Number of asset objects unloaded after import = 9

========================================================================
Received Import Request.
  Time since last request: 88.981906 seconds.
  path: Assets/Scenes/SampleScene.unity
  artifactKey: Guid(99c9720ab356a0642a771bea13969a05) Importer(2089858483,192608db42251d675da83286b1cce702)
Start importing Assets/Scenes/SampleScene.unity using Guid(99c9720ab356a0642a771bea13969a05) Importer(2089858483,192608db42251d675da83286b1cce702) (ScriptedImporter) -> (artifact id: '7b14be83219daf149e0f7c5ed04ff0d1') in 0.0058596 seconds
Number of updated asset objects reloaded before import = 0Number of asset objects unloaded after import = 1

========================================================================
Received Import Request.
  Time since last request: 16.645542 seconds.
  path: Assets/Scenes/SampleScene.unity
  artifactKey: Guid(99c9720ab356a0642a771bea13969a05) Importer(2089858483,192608db42251d675da83286b1cce702)
Start importing Assets/Scenes/SampleScene.unity using Guid(99c9720ab356a0642a771bea13969a05) Importer(2089858483,192608db42251d675da83286b1cce702) (ScriptedImporter) -> (artifact id: 'a23aba930ff86c1c6feca18c8aa4836c') in 0.0084466 seconds
Number of updated asset objects reloaded before import = 0Number of asset objects unloaded after import = 1

========================================================================
Received Import Request.
  Time since last request: 4.969724 seconds.
  path: Assets/Scenes/SampleScene.unity
  artifactKey: Guid(99c9720ab356a0642a771bea13969a05) Importer(2089858483,192608db42251d675da83286b1cce702)
Start importing Assets/Scenes/SampleScene.unity using Guid(99c9720ab356a0642a771bea13969a05) Importer(2089858483,192608db42251d675da83286b1cce702) (ScriptedImporter) -> (artifact id: '8ad44256e39e15f6b08a3ff827330f22') in 0.0053589 seconds
Number of updated asset objects reloaded before import = 0Number of asset objects unloaded after import = 1

========================================================================
Received Import Request.
  Time since last request: 139.334587 seconds.
  path: Assets/Scenes/SampleScene.unity
  artifactKey: Guid(99c9720ab356a0642a771bea13969a05) Importer(2089858483,192608db42251d675da83286b1cce702)
Start importing Assets/Scenes/SampleScene.unity using Guid(99c9720ab356a0642a771bea13969a05) Importer(2089858483,192608db42251d675da83286b1cce702) (ScriptedImporter) -> (artifact id: 'd9b08bcddf75eb402564e0834263f391') in 0.0062028 seconds
Number of updated asset objects reloaded before import = 0Number of asset objects unloaded after import = 1

========================================================================
Received Import Request.
  Time since last request: 32.136504 seconds.
  path: Assets/Scenes/SampleScene.unity
  artifactKey: Guid(99c9720ab356a0642a771bea13969a05) Importer(2089858483,192608db42251d675da83286b1cce702)
Start importing Assets/Scenes/SampleScene.unity using Guid(99c9720ab356a0642a771bea13969a05) Importer(2089858483,192608db42251d675da83286b1cce702) (ScriptedImporter) -> (artifact id: 'a4c2c4d6006efa1296345f9696c2e5fa') in 0.0054921 seconds
Number of updated asset objects reloaded before import = 0Number of asset objects unloaded after import = 1

========================================================================
Received Import Request.
  Time since last request: 30.814729 seconds.
  path: Assets/Scenes/SampleScene.unity
  artifactKey: Guid(99c9720ab356a0642a771bea13969a05) Importer(2089858483,192608db42251d675da83286b1cce702)
Start importing Assets/Scenes/SampleScene.unity using Guid(99c9720ab356a0642a771bea13969a05) Importer(2089858483,192608db42251d675da83286b1cce702) (ScriptedImporter) -> (artifact id: '94a797fb989c47f5855c0f4405c03c51') in 0.0050939 seconds
Number of updated asset objects reloaded before import = 0Number of asset objects unloaded after import = 1

========================================================================
Received Import Request.
  Time since last request: 116.137508 seconds.
  path: Assets/Scenes/SampleScene.unity
  artifactKey: Guid(99c9720ab356a0642a771bea13969a05) Importer(2089858483,192608db42251d675da83286b1cce702)
Start importing Assets/Scenes/SampleScene.unity using Guid(99c9720ab356a0642a771bea13969a05) Importer(2089858483,192608db42251d675da83286b1cce702) (ScriptedImporter) -> (artifact id: 'a96e79f22b29d3773b69aa7ed6ae4a6d') in 0.0052378 seconds
Number of updated asset objects reloaded before import = 0Number of asset objects unloaded after import = 1

========================================================================
Received Import Request.
  Time since last request: 10.539461 seconds.
  path: Assets/Scenes/SampleScene.unity
  artifactKey: Guid(99c9720ab356a0642a771bea13969a05) Importer(2089858483,192608db42251d675da83286b1cce702)
Start importing Assets/Scenes/SampleScene.unity using Guid(99c9720ab356a0642a771bea13969a05) Importer(2089858483,192608db42251d675da83286b1cce702) (ScriptedImporter) -> (artifact id: 'e7421f441fadd51d07fa8c3a6a6757cd') in 0.0049916 seconds
Number of updated asset objects reloaded before import = 0Number of asset objects unloaded after import = 1

========================================================================
Received Import Request.
  Time since last request: 29.342134 seconds.
  path: Assets/Scenes/SampleScene.unity
  artifactKey: Guid(99c9720ab356a0642a771bea13969a05) Importer(2089858483,192608db42251d675da83286b1cce702)
Start importing Assets/Scenes/SampleScene.unity using Guid(99c9720ab356a0642a771bea13969a05) Importer(2089858483,192608db42251d675da83286b1cce702) (ScriptedImporter) -> (artifact id: 'f1f32843309983345535178d20d4c398') in 0.0057452 seconds
Number of updated asset objects reloaded before import = 0Number of asset objects unloaded after import = 1

========================================================================
Received Import Request.
  Time since last request: 57.296417 seconds.
  path: Assets/Prefabs/Arma.prefab
  artifactKey: Guid(81cd58e8f0ebff84aa57edb24a9e5520) Importer(815301076,1909f56bfc062723c751e8b465ee728b)
Start importing Assets/Prefabs/Arma.prefab using Guid(81cd58e8f0ebff84aa57edb24a9e5520) Importer(815301076,1909f56bfc062723c751e8b465ee728b) (PreviewImporter) -> (artifact id: '1c9be8be04735b494088b2fe6e9b340d') in 0.0134803 seconds
Number of updated asset objects reloaded before import = 0Number of asset objects unloaded after import = 16

========================================================================
Received Import Request.
  Time since last request: 0.940939 seconds.
  path: Assets/Prefabs/Arma.prefab
  artifactKey: Guid(81cd58e8f0ebff84aa57edb24a9e5520) Importer(2089858483,192608db42251d675da83286b1cce702)
Start importing Assets/Prefabs/Arma.prefab using Guid(81cd58e8f0ebff84aa57edb24a9e5520) Importer(2089858483,192608db42251d675da83286b1cce702) (ScriptedImporter) -> (artifact id: '926c0d8048b41bde87071e4fd856755a') in 0.0094019 seconds
Number of updated asset objects reloaded before import = 0Number of asset objects unloaded after import = 16

========================================================================
Received Import Request.
  Time since last request: 48.267725 seconds.
  path: Assets/Scenes/SampleScene.unity
  artifactKey: Guid(99c9720ab356a0642a771bea13969a05) Importer(2089858483,192608db42251d675da83286b1cce702)
Start importing Assets/Scenes/SampleScene.unity using Guid(99c9720ab356a0642a771bea13969a05) Importer(2089858483,192608db42251d675da83286b1cce702) (ScriptedImporter) -> (artifact id: '8e25a9444284f7e19829a6307ce968e6') in 0.0051168 seconds
Number of updated asset objects reloaded before import = 0Number of asset objects unloaded after import = 1

========================================================================
Received Import Request.
  Time since last request: 4.970490 seconds.
  path: Assets/Prefabs/Arma 1.prefab
  artifactKey: Guid(937ed4af22315544e96b6893e1e8ecd0) Importer(815301076,1909f56bfc062723c751e8b465ee728b)
Start importing Assets/Prefabs/Arma 1.prefab using Guid(937ed4af22315544e96b6893e1e8ecd0) Importer(815301076,1909f56bfc062723c751e8b465ee728b) (PreviewImporter) -> (artifact id: 'f914c3c41f3b193acb3fc683abf05681') in 0.0099427 seconds
Number of updated asset objects reloaded before import = 0Number of asset objects unloaded after import = 17

========================================================================
Received Import Request.
  Time since last request: 0.936340 seconds.
  path: Assets/Prefabs/Arma 1.prefab
  artifactKey: Guid(937ed4af22315544e96b6893e1e8ecd0) Importer(2089858483,192608db42251d675da83286b1cce702)
Start importing Assets/Prefabs/Arma 1.prefab using Guid(937ed4af22315544e96b6893e1e8ecd0) Importer(2089858483,192608db42251d675da83286b1cce702) (ScriptedImporter) -> (artifact id: 'f443b2f9fc9a581b35a3c947a3bc8029') in 0.0233546 seconds
Number of updated asset objects reloaded before import = 0Number of asset objects unloaded after import = 17

========================================================================
Received Import Request.
  Time since last request: 8.154771 seconds.
  path: Assets/Scenes/SampleScene.unity
  artifactKey: Guid(99c9720ab356a0642a771bea13969a05) Importer(2089858483,192608db42251d675da83286b1cce702)
Start importing Assets/Scenes/SampleScene.unity using Guid(99c9720ab356a0642a771bea13969a05) Importer(2089858483,192608db42251d675da83286b1cce702) (ScriptedImporter) -> (artifact id: 'eb5c5a78208739385ceaa420033bacbf') in 0.0043335 seconds
Number of updated asset objects reloaded before import = 0Number of asset objects unloaded after import = 1

========================================================================
Received Import Request.
  Time since last request: 6.495464 seconds.
  path: Assets/Prefabs/Rifle.prefab
  artifactKey: Guid(937ed4af22315544e96b6893e1e8ecd0) Importer(815301076,1909f56bfc062723c751e8b465ee728b)
Start importing Assets/Prefabs/Rifle.prefab using Guid(937ed4af22315544e96b6893e1e8ecd0) Importer(815301076,1909f56bfc062723c751e8b465ee728b) (PreviewImporter) -> (artifact id: '3fc600035ddaeeb5e59d572b723bb8ef') in 0.0099532 seconds
Number of updated asset objects reloaded before import = 0Number of asset objects unloaded after import = 17

========================================================================
Received Import Request.
  Time since last request: 0.905349 seconds.
  path: Assets/Prefabs/Rifle.prefab
  artifactKey: Guid(937ed4af22315544e96b6893e1e8ecd0) Importer(2089858483,192608db42251d675da83286b1cce702)
Start importing Assets/Prefabs/Rifle.prefab using Guid(937ed4af22315544e96b6893e1e8ecd0) Importer(2089858483,192608db42251d675da83286b1cce702) (ScriptedImporter) -> (artifact id: 'f9f5e80fce08493de8375593ee0c909d') in 0.0068226 seconds
Number of updated asset objects reloaded before import = 0Number of asset objects unloaded after import = 17

========================================================================
Received Import Request.
  Time since last request: 54.018251 seconds.
  path: Assets/Scenes/SampleScene.unity
  artifactKey: Guid(99c9720ab356a0642a771bea13969a05) Importer(2089858483,192608db42251d675da83286b1cce702)
Start importing Assets/Scenes/SampleScene.unity using Guid(99c9720ab356a0642a771bea13969a05) Importer(2089858483,192608db42251d675da83286b1cce702) (ScriptedImporter) -> (artifact id: '859dbdb149ed718ab12db385377e3f1b') in 0.0077388 seconds
Number of updated asset objects reloaded before import = 0Number of asset objects unloaded after import = 1

========================================================================
Received Import Request.
  Time since last request: 9.526831 seconds.
  path: Assets/Scenes/SampleScene.unity
  artifactKey: Guid(99c9720ab356a0642a771bea13969a05) Importer(2089858483,192608db42251d675da83286b1cce702)
Start importing Assets/Scenes/SampleScene.unity using Guid(99c9720ab356a0642a771bea13969a05) Importer(2089858483,192608db42251d675da83286b1cce702) (ScriptedImporter) -> (artifact id: '7f24fced2c193ccb29bbc7200a9c0957') in 0.0051128 seconds
Number of updated asset objects reloaded before import = 0Number of asset objects unloaded after import = 1

========================================================================
Received Import Request.
  Time since last request: 6.699399 seconds.
  path: Assets/Scenes/SampleScene.unity
  artifactKey: Guid(99c9720ab356a0642a771bea13969a05) Importer(2089858483,192608db42251d675da83286b1cce702)
Start importing Assets/Scenes/SampleScene.unity using Guid(99c9720ab356a0642a771bea13969a05) Importer(2089858483,192608db42251d675da83286b1cce702) (ScriptedImporter) -> (artifact id: 'a813b377830965a0667802aac3aeb7b8') in 0.0052559 seconds
Number of updated asset objects reloaded before import = 0Number of asset objects unloaded after import = 1

========================================================================
Received Import Request.
  Time since last request: 3.150596 seconds.
  path: Assets/Scenes/SampleScene.unity
  artifactKey: Guid(99c9720ab356a0642a771bea13969a05) Importer(2089858483,192608db42251d675da83286b1cce702)
Start importing Assets/Scenes/SampleScene.unity using Guid(99c9720ab356a0642a771bea13969a05) Importer(2089858483,192608db42251d675da83286b1cce702) (ScriptedImporter) -> (artifact id: 'f8e1a678ee1fad9e57ab17d187d2bc53') in 0.005132 seconds
Number of updated asset objects reloaded before import = 0Number of asset objects unloaded after import = 1

========================================================================
Received Import Request.
  Time since last request: 20.042271 seconds.
  path: Assets/Scenes/SampleScene.unity
  artifactKey: Guid(99c9720ab356a0642a771bea13969a05) Importer(2089858483,192608db42251d675da83286b1cce702)
Start importing Assets/Scenes/SampleScene.unity using Guid(99c9720ab356a0642a771bea13969a05) Importer(2089858483,192608db42251d675da83286b1cce702) (ScriptedImporter) -> (artifact id: 'abfb5307b65832ce2859a427c91a2f30') in 0.0061287 seconds
Number of updated asset objects reloaded before import = 0Number of asset objects unloaded after import = 1

========================================================================
Received Import Request.
  Time since last request: 5.607455 seconds.
  path: Assets/Scenes/SampleScene.unity
  artifactKey: Guid(99c9720ab356a0642a771bea13969a05) Importer(2089858483,192608db42251d675da83286b1cce702)
Start importing Assets/Scenes/SampleScene.unity using Guid(99c9720ab356a0642a771bea13969a05) Importer(2089858483,192608db42251d675da83286b1cce702) (ScriptedImporter) -> (artifact id: '7fa18deb325da796a3d90c517a634845') in 0.0060352 seconds
Number of updated asset objects reloaded before import = 0Number of asset objects unloaded after import = 1

========================================================================
Received Import Request.
  Time since last request: 7.914551 seconds.
  path: Assets/Scenes/SampleScene.unity
  artifactKey: Guid(99c9720ab356a0642a771bea13969a05) Importer(2089858483,192608db42251d675da83286b1cce702)
Start importing Assets/Scenes/SampleScene.unity using Guid(99c9720ab356a0642a771bea13969a05) Importer(2089858483,192608db42251d675da83286b1cce702) (ScriptedImporter) -> (artifact id: '2094d50cea9ec2079ff44d6562a55d4b') in 0.0056465 seconds
Number of updated asset objects reloaded before import = 0Number of asset objects unloaded after import = 1

========================================================================
Received Import Request.
  Time since last request: 3.735211 seconds.
  path: Assets/Prefabs/Rifle.prefab
  artifactKey: Guid(937ed4af22315544e96b6893e1e8ecd0) Importer(815301076,1909f56bfc062723c751e8b465ee728b)
Start importing Assets/Prefabs/Rifle.prefab using Guid(937ed4af22315544e96b6893e1e8ecd0) Importer(815301076,1909f56bfc062723c751e8b465ee728b) (PreviewImporter) -> (artifact id: '35d7b077b29e22c29e17497ebc496ad4') in 0.009778 seconds
Number of updated asset objects reloaded before import = 0Number of asset objects unloaded after import = 25

========================================================================
Received Import Request.
  Time since last request: 0.911963 seconds.
  path: Assets/Prefabs/Rifle.prefab
  artifactKey: Guid(937ed4af22315544e96b6893e1e8ecd0) Importer(2089858483,192608db42251d675da83286b1cce702)
Start importing Assets/Prefabs/Rifle.prefab using Guid(937ed4af22315544e96b6893e1e8ecd0) Importer(2089858483,192608db42251d675da83286b1cce702) (ScriptedImporter) -> (artifact id: '447afc56fa28c6d9fc542100a9f84def') in 0.0073359 seconds
Number of updated asset objects reloaded before import = 0Number of asset objects unloaded after import = 25

========================================================================
Received Import Request.
  Time since last request: 21.172813 seconds.
  path: Assets/Prefabs/Rifle.prefab
  artifactKey: Guid(937ed4af22315544e96b6893e1e8ecd0) Importer(815301076,1909f56bfc062723c751e8b465ee728b)
Start importing Assets/Prefabs/Rifle.prefab using Guid(937ed4af22315544e96b6893e1e8ecd0) Importer(815301076,1909f56bfc062723c751e8b465ee728b) (PreviewImporter) -> (artifact id: 'cd427278cf42cbd737d9341edbcdf81e') in 0.0081018 seconds
Number of updated asset objects reloaded before import = 0Number of asset objects unloaded after import = 25

========================================================================
Received Import Request.
  Time since last request: 0.956985 seconds.
  path: Assets/Prefabs/Rifle.prefab
  artifactKey: Guid(937ed4af22315544e96b6893e1e8ecd0) Importer(2089858483,192608db42251d675da83286b1cce702)
Start importing Assets/Prefabs/Rifle.prefab using Guid(937ed4af22315544e96b6893e1e8ecd0) Importer(2089858483,192608db42251d675da83286b1cce702) (ScriptedImporter) -> (artifact id: '5a0ba6a95fb1cfbc8a3234664d2a4dbc') in 0.0075114 seconds
Number of updated asset objects reloaded before import = 0Number of asset objects unloaded after import = 25

========================================================================
Received Import Request.
  Time since last request: 0.219011 seconds.
  path: Assets/Prefabs/Rifle.prefab
  artifactKey: Guid(937ed4af22315544e96b6893e1e8ecd0) Importer(815301076,1909f56bfc062723c751e8b465ee728b)
Start importing Assets/Prefabs/Rifle.prefab using Guid(937ed4af22315544e96b6893e1e8ecd0) Importer(815301076,1909f56bfc062723c751e8b465ee728b) (PreviewImporter) -> (artifact id: '597e44aa61ddee4819265bb1349d9a4c') in 0.012497 seconds
Number of updated asset objects reloaded before import = 0Number of asset objects unloaded after import = 25

========================================================================
Received Import Request.
  Time since last request: 9.731309 seconds.
  path: Assets/Prefabs/Rifle.prefab
  artifactKey: Guid(937ed4af22315544e96b6893e1e8ecd0) Importer(2089858483,192608db42251d675da83286b1cce702)
Start importing Assets/Prefabs/Rifle.prefab using Guid(937ed4af22315544e96b6893e1e8ecd0) Importer(2089858483,192608db42251d675da83286b1cce702) (ScriptedImporter) -> (artifact id: '98e208a0d257f78a7ac68a4848c767ee') in 0.0055556 seconds
Number of updated asset objects reloaded before import = 0Number of asset objects unloaded after import = 25

========================================================================
Received Import Request.
  Time since last request: 2.693264 seconds.
  path: Assets/Prefabs/Rifle.prefab
  artifactKey: Guid(937ed4af22315544e96b6893e1e8ecd0) Importer(815301076,1909f56bfc062723c751e8b465ee728b)
Start importing Assets/Prefabs/Rifle.prefab using Guid(937ed4af22315544e96b6893e1e8ecd0) Importer(815301076,1909f56bfc062723c751e8b465ee728b) (PreviewImporter) -> (artifact id: '2e87a889339f683fd378824588f6ed9b') in 0.0082839 seconds
Number of updated asset objects reloaded before import = 0Number of asset objects unloaded after import = 25

========================================================================
Received Import Request.
  Time since last request: 0.939880 seconds.
  path: Assets/Prefabs/Rifle.prefab
  artifactKey: Guid(937ed4af22315544e96b6893e1e8ecd0) Importer(2089858483,192608db42251d675da83286b1cce702)
Start importing Assets/Prefabs/Rifle.prefab using Guid(937ed4af22315544e96b6893e1e8ecd0) Importer(2089858483,192608db42251d675da83286b1cce702) (ScriptedImporter) -> (artifact id: '93a041753a2089fb11ef67b26d51e03d') in 0.0070012 seconds
Number of updated asset objects reloaded before import = 0Number of asset objects unloaded after import = 25

========================================================================
Received Import Request.
  Time since last request: 5.483821 seconds.
  path: Assets/Scenes/SampleScene.unity
  artifactKey: Guid(99c9720ab356a0642a771bea13969a05) Importer(2089858483,192608db42251d675da83286b1cce702)
Start importing Assets/Scenes/SampleScene.unity using Guid(99c9720ab356a0642a771bea13969a05) Importer(2089858483,192608db42251d675da83286b1cce702) (ScriptedImporter) -> (artifact id: '18a740bc53312d5c2037b0d806012a94') in 0.0054646 seconds
Number of updated asset objects reloaded before import = 0Number of asset objects unloaded after import = 1

========================================================================
Received Import Request.
  Time since last request: 60.481551 seconds.
  path: Assets/Scenes/SampleScene.unity
  artifactKey: Guid(99c9720ab356a0642a771bea13969a05) Importer(2089858483,192608db42251d675da83286b1cce702)
Start importing Assets/Scenes/SampleScene.unity using Guid(99c9720ab356a0642a771bea13969a05) Importer(2089858483,192608db42251d675da83286b1cce702) (ScriptedImporter) -> (artifact id: 'e221d2f8b2f3812394060bea8cd75b67') in 0.0056643 seconds
Number of updated asset objects reloaded before import = 0Number of asset objects unloaded after import = 1

========================================================================
Received Import Request.
  Time since last request: 17.227426 seconds.
  path: Assets/TextMesh Pro/Resources/Fonts & Materials/LiberationSans SDF - Drop Shadow.mat
  artifactKey: Guid(e73a58f6e2794ae7b1b7e50b7fb811b0) Importer(2089858483,192608db42251d675da83286b1cce702)
Start importing Assets/TextMesh Pro/Resources/Fonts & Materials/LiberationSans SDF - Drop Shadow.mat using Guid(e73a58f6e2794ae7b1b7e50b7fb811b0) Importer(2089858483,192608db42251d675da83286b1cce702) (ScriptedImporter) -> (artifact id: 'b4e650e844ed74a2244678976f366680') in 0.0197992 seconds
Number of updated asset objects reloaded before import = 0Number of asset objects unloaded after import = 3

========================================================================
Received Import Request.
  Time since last request: 0.000026 seconds.
  path: Assets/TextMesh Pro/Shaders/TMPro.cginc
  artifactKey: Guid(407bc68d299748449bbf7f48ee690f8d) Importer(2089858483,192608db42251d675da83286b1cce702)
Start importing Assets/TextMesh Pro/Shaders/TMPro.cginc using Guid(407bc68d299748449bbf7f48ee690f8d) Importer(2089858483,192608db42251d675da83286b1cce702) (ScriptedImporter) -> (artifact id: '7a3175f502113e6d1b1e795af2820ab2') in 0.0036525 seconds
Number of updated asset objects reloaded before import = 0Number of asset objects unloaded after import = 1

========================================================================
Received Import Request.
  Time since last request: 0.000022 seconds.
  path: Assets/TextMesh Pro/Shaders/TMPro_Mobile.cginc
  artifactKey: Guid(c334973cef89a9840b0b0c507e0377ab) Importer(2089858483,192608db42251d675da83286b1cce702)
Start importing Assets/TextMesh Pro/Shaders/TMPro_Mobile.cginc using Guid(c334973cef89a9840b0b0c507e0377ab) Importer(2089858483,192608db42251d675da83286b1cce702) (ScriptedImporter) -> (artifact id: 'f6d8af53ad3214cd58e2b113b6788beb') in 0.0038584 seconds
Number of updated asset objects reloaded before import = 0Number of asset objects unloaded after import = 1

========================================================================
Received Import Request.
  Time since last request: 0.000019 seconds.
  path: Assets/TextMesh Pro/Shaders/TMPro_Surface.cginc
  artifactKey: Guid(d930090c0cd643c7b55f19a38538c162) Importer(2089858483,192608db42251d675da83286b1cce702)
Start importing Assets/TextMesh Pro/Shaders/TMPro_Surface.cginc using Guid(d930090c0cd643c7b55f19a38538c162) Importer(2089858483,192608db42251d675da83286b1cce702) (ScriptedImporter) -> (artifact id: '04001b154d7089e012d5e91598c873bd') in 0.0042162 seconds
Number of updated asset objects reloaded before import = 0Number of asset objects unloaded after import = 1

========================================================================
Received Import Request.
  Time since last request: 0.000024 seconds.
  path: Assets/TextMesh Pro/Shaders/TMP_Bitmap.shader
  artifactKey: Guid(128e987d567d4e2c824d754223b3f3b0) Importer(2089858483,192608db42251d675da83286b1cce702)
Start importing Assets/TextMesh Pro/Shaders/TMP_Bitmap.shader using Guid(128e987d567d4e2c824d754223b3f3b0) Importer(2089858483,192608db42251d675da83286b1cce702) (ScriptedImporter) -> (artifact id: 'c441c655807e20a6b8ad5426d0e45f2c') in 0.006489 seconds
Number of updated asset objects reloaded before import = 0Number of asset objects unloaded after import = 1

========================================================================
Received Import Request.
  Time since last request: 0.000026 seconds.
  path: Assets/TextMesh Pro/Shaders/TMP_SDF-Mobile.shader
  artifactKey: Guid(fe393ace9b354375a9cb14cdbbc28be4) Importer(2089858483,192608db42251d675da83286b1cce702)
Start importing Assets/TextMesh Pro/Shaders/TMP_SDF-Mobile.shader using Guid(fe393ace9b354375a9cb14cdbbc28be4) Importer(2089858483,192608db42251d675da83286b1cce702) (ScriptedImporter) -> (artifact id: '280dbf38b791c6dd27f0548cd8c0f996') in 0.0050096 seconds
Number of updated asset objects reloaded before import = 0Number of asset objects unloaded after import = 1

========================================================================
Received Import Request.
  Time since last request: 0.000019 seconds.
  path: Assets/TextMesh Pro/Shaders/TMP_SDF-Mobile SSD.shader
  artifactKey: Guid(c8d12adcee749c344b8117cf7c7eb912) Importer(2089858483,192608db42251d675da83286b1cce702)
Start importing Assets/TextMesh Pro/Shaders/TMP_SDF-Mobile SSD.shader using Guid(c8d12adcee749c344b8117cf7c7eb912) Importer(2089858483,192608db42251d675da83286b1cce702) (ScriptedImporter) -> (artifact id: 'eb7da4b993426ff49cb6d153ad1c3904') in 0.0052466 seconds
Number of updated asset objects reloaded before import = 0Number of asset objects unloaded after import = 1

========================================================================
Received Import Request.
  Time since last request: 0.000021 seconds.
  path: Assets/TextMesh Pro/Resources/LineBreaking Following Characters.txt
  artifactKey: Guid(fade42e8bc714b018fac513c043d323b) Importer(2089858483,192608db42251d675da83286b1cce702)
Start importing Assets/TextMesh Pro/Resources/LineBreaking Following Characters.txt using Guid(fade42e8bc714b018fac513c043d323b) Importer(2089858483,192608db42251d675da83286b1cce702) (ScriptedImporter) -> (artifact id: '33cdd180b71058ea1c408dd92c21f6e0') in 0.003478 seconds
Number of updated asset objects reloaded before import = 0Number of asset objects unloaded after import = 1

========================================================================
Received Import Request.
  Time since last request: 0.000021 seconds.
  path: Assets/TextMesh Pro/Resources/Style Sheets/Default Style Sheet.asset
  artifactKey: Guid(f952c082cb03451daed3ee968ac6c63e) Importer(2089858483,192608db42251d675da83286b1cce702)
Start importing Assets/TextMesh Pro/Resources/Style Sheets/Default Style Sheet.asset using Guid(f952c082cb03451daed3ee968ac6c63e) Importer(2089858483,192608db42251d675da83286b1cce702) (ScriptedImporter) -> (artifact id: 'd672d78c63b6f792993593be533b46ad') in 0.0046596 seconds
Number of updated asset objects reloaded before import = 0Number of asset objects unloaded after import = 1

========================================================================
Received Import Request.
  Time since last request: 0.000017 seconds.
  path: Assets/TextMesh Pro/Sprites
  artifactKey: Guid(d0603b6d5186471b96c778c3949c7ce2) Importer(2089858483,192608db42251d675da83286b1cce702)
Start importing Assets/TextMesh Pro/Sprites using Guid(d0603b6d5186471b96c778c3949c7ce2) Importer(2089858483,192608db42251d675da83286b1cce702) (ScriptedImporter) -> (artifact id: 'c21f3422dc1e84b16669dd6a747c1b82') in 0.0029865 seconds
Number of updated asset objects reloaded before import = 0Number of asset objects unloaded after import = 1

========================================================================
Received Import Request.
  Time since last request: 0.000017 seconds.
  path: Assets/TextMesh Pro/Resources/Fonts & Materials/LiberationSans SDF.asset
  artifactKey: Guid(8f586378b4e144a9851e7b34d9b748ee) Importer(2089858483,192608db42251d675da83286b1cce702)
Start importing Assets/TextMesh Pro/Resources/Fonts & Materials/LiberationSans SDF.asset using Guid(8f586378b4e144a9851e7b34d9b748ee) Importer(2089858483,192608db42251d675da83286b1cce702) (ScriptedImporter) -> (artifact id: '2a90be2b333cbaeecdc49c88791b2441') in 0.0487072 seconds
Number of updated asset objects reloaded before import = 0Number of asset objects unloaded after import = 9

========================================================================
Received Import Request.
  Time since last request: 0.000019 seconds.
  path: Assets/TextMesh Pro/Shaders/TMP_Bitmap-Custom-Atlas.shader
  artifactKey: Guid(48bb5f55d8670e349b6e614913f9d910) Importer(2089858483,192608db42251d675da83286b1cce702)
Start importing Assets/TextMesh Pro/Shaders/TMP_Bitmap-Custom-Atlas.shader using Guid(48bb5f55d8670e349b6e614913f9d910) Importer(2089858483,192608db42251d675da83286b1cce702) (ScriptedImporter) -> (artifact id: '0f0028ad901891314b754711f850f896') in 0.004503 seconds
Number of updated asset objects reloaded before import = 0Number of asset objects unloaded after import = 1

========================================================================
Received Import Request.
  Time since last request: 0.000027 seconds.
  path: Assets/TextMesh Pro/Shaders/TMP_Bitmap-Mobile.shader
  artifactKey: Guid(1e3b057af24249748ff873be7fafee47) Importer(2089858483,192608db42251d675da83286b1cce702)
Start importing Assets/TextMesh Pro/Shaders/TMP_Bitmap-Mobile.shader using Guid(1e3b057af24249748ff873be7fafee47) Importer(2089858483,192608db42251d675da83286b1cce702) (ScriptedImporter) -> (artifact id: '2b68f923f516953e7680b23638e5a84a') in 0.004448 seconds
Number of updated asset objects reloaded before import = 0Number of asset objects unloaded after import = 1

========================================================================
Received Import Request.
  Time since last request: 0.000023 seconds.
  path: Assets/TextMesh Pro/Resources/Fonts & Materials
  artifactKey: Guid(731f1baa9d144a9897cb1d341c2092b8) Importer(2089858483,192608db42251d675da83286b1cce702)
Start importing Assets/TextMesh Pro/Resources/Fonts & Materials using Guid(731f1baa9d144a9897cb1d341c2092b8) Importer(2089858483,192608db42251d675da83286b1cce702) (ScriptedImporter) -> (artifact id: 'ce66a329403440b58814e69e86b867a9') in 0.0028264 seconds
Number of updated asset objects reloaded before import = 0Number of asset objects unloaded after import = 1

========================================================================
Received Import Request.
  Time since last request: 0.000019 seconds.
  path: Assets/TextMesh Pro/Shaders/TMP_SDF-URP Lit.shadergraph
  artifactKey: Guid(a3d800b099a06e0478fb790c5e79057a) Importer(2089858483,192608db42251d675da83286b1cce702)
Start importing Assets/TextMesh Pro/Shaders/TMP_SDF-URP Lit.shadergraph using Guid(a3d800b099a06e0478fb790c5e79057a) Importer(2089858483,192608db42251d675da83286b1cce702) (ScriptedImporter) -> (artifact id: 'b148e48c429c47571f07bf899f9f96ab') in 0.1454941 seconds
Number of updated asset objects reloaded before import = 0Number of asset objects unloaded after import = 4

========================================================================
Received Import Request.
  Time since last request: 0.000023 seconds.
  path: Assets/TextMesh Pro/Shaders/TMPro_Properties.cginc
  artifactKey: Guid(3997e2241185407d80309a82f9148466) Importer(2089858483,192608db42251d675da83286b1cce702)
Start importing Assets/TextMesh Pro/Shaders/TMPro_Properties.cginc using Guid(3997e2241185407d80309a82f9148466) Importer(2089858483,192608db42251d675da83286b1cce702) (ScriptedImporter) -> (artifact id: '6d972ff099b7af878520adeac32f3b88') in 0.0049375 seconds
Number of updated asset objects reloaded before import = 0Number of asset objects unloaded after import = 1

========================================================================
Received Import Request.
  Time since last request: 0.000040 seconds.
  path: Assets/TextMesh Pro/Shaders/TMP_SDF-HDRP UNLIT.shadergraph
  artifactKey: Guid(f63d574838ccfb44f84acc05fed0af48) Importer(2089858483,192608db42251d675da83286b1cce702)
Start importing Assets/TextMesh Pro/Shaders/TMP_SDF-HDRP UNLIT.shadergraph using Guid(f63d574838ccfb44f84acc05fed0af48) Importer(2089858483,192608db42251d675da83286b1cce702) (ScriptedImporter) -> (artifact id: '2525d04628bf61bb679bdd5d41bde482') in 0.0081771 seconds
Number of updated asset objects reloaded before import = 0Number of asset objects unloaded after import = 3

========================================================================
Received Import Request.
  Time since last request: 0.000021 seconds.
  path: Assets/TextMesh Pro/Shaders/TMP_Sprite.shader
  artifactKey: Guid(cf81c85f95fe47e1a27f6ae460cf182c) Importer(2089858483,192608db42251d675da83286b1cce702)
Start importing Assets/TextMesh Pro/Shaders/TMP_Sprite.shader using Guid(cf81c85f95fe47e1a27f6ae460cf182c) Importer(2089858483,192608db42251d675da83286b1cce702) (ScriptedImporter) -> (artifact id: '4521e45490c9fd3b2588850a6e3c4f85') in 0.0041231 seconds
Number of updated asset objects reloaded before import = 0Number of asset objects unloaded after import = 1

========================================================================
Received Import Request.
  Time since last request: 0.000021 seconds.
  path: Assets/TextMesh Pro/Sprites/EmojiOne Attribution.txt
  artifactKey: Guid(381dcb09d5029d14897e55f98031fca5) Importer(2089858483,192608db42251d675da83286b1cce702)
Start importing Assets/TextMesh Pro/Sprites/EmojiOne Attribution.txt using Guid(381dcb09d5029d14897e55f98031fca5) Importer(2089858483,192608db42251d675da83286b1cce702) (ScriptedImporter) -> (artifact id: '36deae5a2d4d853ff734985c32887019') in 0.003298 seconds
Number of updated asset objects reloaded before import = 0Number of asset objects unloaded after import = 1

========================================================================
Received Import Request.
  Time since last request: 0.000020 seconds.
  path: Assets/TextMesh Pro/Fonts/LiberationSans.ttf
  artifactKey: Guid(e3265ab4bf004d28a9537516768c1c75) Importer(2089858483,192608db42251d675da83286b1cce702)
Start importing Assets/TextMesh Pro/Fonts/LiberationSans.ttf using Guid(e3265ab4bf004d28a9537516768c1c75) Importer(2089858483,192608db42251d675da83286b1cce702) (ScriptedImporter) -> (artifact id: '89e619e9614fbe271a437e495fda64c9') in 0.0112189 seconds
Number of updated asset objects reloaded before import = 0Number of asset objects unloaded after import = 3

========================================================================
Received Import Request.
  Time since last request: 0.000021 seconds.
  path: Assets/TextMesh Pro/Resources/Style Sheets
  artifactKey: Guid(4aecb92fff08436c8303b10eab8da368) Importer(2089858483,192608db42251d675da83286b1cce702)
Start importing Assets/TextMesh Pro/Resources/Style Sheets using Guid(4aecb92fff08436c8303b10eab8da368) Importer(2089858483,192608db42251d675da83286b1cce702) (ScriptedImporter) -> (artifact id: 'f359f063f65342924605cab36820be3e') in 0.0052198 seconds
Number of updated asset objects reloaded before import = 0Number of asset objects unloaded after import = 1

========================================================================
Received Prepare
Assembly reference Packages/com.unity.cinemachine/Editor/Samples/ExposeHDRPInternals/HDRP-Editor-ref.asmref has no target assembly definition
Assembly reference Packages/com.unity.cinemachine/Editor/Samples/ExposeHDRPInternals/HDRP-Editor-ref.asmref has no target assembly definition
Begin MonoManager ReloadAssembly
[Licensing::Client] Successfully resolved entitlement details
- Loaded All Assemblies, in  0.806 seconds
Assembly reference Packages/com.unity.cinemachine/Editor/Samples/ExposeHDRPInternals/HDRP-Editor-ref.asmref has no target assembly definition
'Packages/com.unity.cinemachine/Editor/Obsolete/CinemachineVirtualCameraBaseEditor.cs' contains partial class of Unity.Object, exactly 1 of the partial classes needs to be in a file with the same filename. This is to know the one that can be referenced from ie. GameObjects
'Packages/com.unity.cinemachine/Editor/Editors/CinemachineVirtualCameraBaseEditor.cs' contains partial class of Unity.Object, exactly 1 of the partial classes needs to be in a file with the same filename. This is to know the one that can be referenced from ie. GameObjects
Refreshing native plugins compatible for Editor in 1.14 ms, found 4 plugins.
Native extension for LinuxStandalone target not found
Native extension for UWP target not found
Native extension for WindowsStandalone target not found
Native extension for WebGL target not found
Assembly reference Packages/com.unity.cinemachine/Editor/Samples/ExposeHDRPInternals/HDRP-Editor-ref.asmref has no target assembly definition
[MODES] ModeService[none].Initialize
[MODES] ModeService[none].LoadModes
[Package Manager] Failed to launch server process. Reason: Unity was launched with the -noUpm command-line argument
[Package Manager] Unable to send message (not connected to server process).
[Package Manager] Cannot connect to Unity Package Manager local server
[Package Manager] Failed to launch server process. Reason: Unity was launched with the -noUpm command-line argument
[Package Manager] Unable to send message (not connected to server process).
[Package Manager] Cannot connect to Unity Package Manager local server
Mono: successfully reloaded assembly
- Finished resetting the current domain, in  0.901 seconds
Domain Reload Profiling: 1707ms
	BeginReloadAssembly (268ms)
		ExecutionOrderSort (0ms)
		DisableScriptedObjects (17ms)
		BackupInstance (0ms)
		ReleaseScriptingObjects (0ms)
		CreateAndSetChildDomain (115ms)
	RebuildCommonClasses (25ms)
	RebuildNativeTypeToScriptingClass (9ms)
	initialDomainReloadingComplete (28ms)
	LoadAllAssembliesAndSetupDomain (475ms)
		LoadAssemblies (392ms)
		RebuildTransferFunctionScriptingTraits (0ms)
		AnalyzeDomain (155ms)
			TypeCache.Refresh (8ms)
				TypeCache.ScanAssembly (1ms)
			BuildScriptInfoCaches (132ms)
			ResolveRequiredComponents (10ms)
	FinalizeReload (902ms)
		ReleaseScriptCaches (0ms)
		RebuildScriptCaches (0ms)
		SetupLoadedEditorAssemblies (779ms)
			LogAssemblyErrors (0ms)
			InitializePlatformSupportModulesInManaged (2ms)
			SetLoadedEditorAssemblies (6ms)
			BeforeProcessingInitializeOnLoad (159ms)
			ProcessInitializeOnLoadAttributes (565ms)
			ProcessInitializeOnLoadMethodAttributes (40ms)
			AfterProcessingInitializeOnLoad (5ms)
			EditorAssembliesLoaded (0ms)
		ExecutionOrderSort2 (0ms)
		AwakeInstancesAfterBackupRestoration (19ms)
WARNING: Shader Unsupported: 'Hidden/Builtin_TerrainVisualization' - All subshaders removed
WARNING: Shader Did you use #pragma only_renderers and omit this platform?
WARNING: Shader If subshaders removal was intentional, you may have forgotten turning Fallback off?
WARNING: Shader Unsupported: 'Hidden/Builtin_TerrainVisualization' - All subshaders removed
WARNING: Shader Did you use #pragma only_renderers and omit this platform?
WARNING: Shader If subshaders removal was intentional, you may have forgotten turning Fallback off?
Refreshing native plugins compatible for Editor in 1.18 ms, found 4 plugins.
Preloading 0 native plugins for Editor in 0.00 ms.
Unloading 102 Unused Serialized files (Serialized files now loaded: 0)
Unloading 7556 unused Assets / (13.7 MB). Loaded Objects now: 8275.
Memory consumption went from 189.2 MB to 175.5 MB.
Total: 10.831700 ms (FindLiveObjects: 0.777200 ms CreateObjectMapping: 0.278700 ms MarkObjects: 4.089800 ms  DeleteObjects: 5.685500 ms)

Prepare: number of updated asset objects reloaded= 0
Editor requested this worker to shutdown with reason: Scaling down because of idle timeout
AssetImportWorker is now disconnected from the server
Process exiting
Exiting without the bug reporter. Application will terminate with return code 0